player,role,role_mantra,team,Prezzo_Consigliato_Cr,NN_FV_Atteso,NN_MV_Atteso,NN_Rischio_Std,Prob_Bonus_Ge_8_%,Prob_Picco_Ge_10_%,Clean_Sheet_%,FVM_1000,n_stagioni,mv_media_3y,mfv_media_3y,mv_storica,mfv_storica,mv_std,mv_trend,availability,gol_per_pg,ass_per_pg,amm_per_pg,rig_per_pg,n_seasons_us,xg_media_3y,xa_media_3y,xg_per90,xa_per90,npxg_per90,shots_per90,offensive_index,gf_avg_3y,giorni_infortunio_3y,n_infortuni_3y,infortunio_grave,malus_infortuni,starts_2627,sub_apps_2627,minutes_2627,is_starter_2627,starter_pct_2627,score_composito,score_composito_base,predicted_pts_p10,predicted_pts_p50,predicted_pts_p90,pts_volatility_spread,vorp_points,target_price_500,target_price_1000,clearing_price_1000,clearing_price_500,target_flags,prezzo_fair_1000,prezzo_fair_500,surplus_value_cr
Malen,A,Pc,ROM,38,45.0,6.0,0.5,0.0,0.0,0.0,450,1.0,6.72,8.97,6.72,8.97,0.0,,0.474,0.778,0.111,0.056,0.167,1.0,15.205,1.548,0.913,0.093,0.73,4.203,1.0268,2.203,44,6,0,0.171,2,0,135,True,1.0,0.678,0.6958,167.0,217.6,271.5,104.5,85.2,38,450,378,189,thin_prior_sample_no_fade;clearing_observed(historical),450,38,72
Paz N.,C,T;A,COM,29,24.5,6.0,0.5,0.0,0.0,0.0,245,2.0,6.373,7.183,6.375,7.125,0.005,,0.895,0.265,0.176,0.162,0.0,2.0,9.256,6.256,0.303,0.201,0.266,3.707,1.0068,1.982,23,3,0,0.089,2,0,170,True,1.0,0.6248,0.6333,141.8,218.3,262.1,120.3,51.8,22,182,200,100,fade(0.74);clearing_observed(asta_xlsx),182,22,-18
Krstovic,A,Pc,ATA,18,9.8,6.0,0.5,0.0,0.0,0.0,98,3.0,6.082,6.952,6.04,6.803,0.102,0.125,0.895,0.275,0.108,0.137,0.029,3.0,14.002,3.166,0.5,0.117,0.444,4.056,1.0354,2.298,3,2,0,0.012,0,2,52,False,0.0,0.6186,0.6197,87.9,207.9,260.3,172.4,75.5,15,80,148,74,fade(0.82);clearing_observed(asta_xlsx),80,15,-68
Douvikas,A,Pc,COM,22,18.5,6.0,0.5,0.0,0.0,0.0,185,2.0,6.19,7.17,6.195,7.065,0.015,,0.632,0.333,0.042,0.021,0.021,2.0,11.16,1.816,0.575,0.114,0.551,2.481,1.0068,1.982,10,4,0,0.039,2,0,180,True,1.0,0.5974,0.6009,88.7,211.9,266.6,177.9,79.5,17,146,61,30,fade(0.79);clearing_observed(asta_xlsx),146,17,85
Laurientè,A,A,SAS,15,8.3,6.0,0.5,0.0,0.0,0.0,83,1.0,6.23,6.99,6.23,6.99,0.0,,0.974,0.189,0.243,0.108,0.0,3.0,4.913,6.295,0.168,0.217,0.159,2.419,0.9714,1.594,0,0,0,0.0,2,0,180,True,1.0,0.5733,0.5733,119.3,216.4,262.4,143.1,84.0,13,71,25,12,fade(0.85);clearing_observed(asta_xlsx),71,13,46
Da Cunha,C,C;T,COM,18,8.7,6.0,0.5,0.0,0.0,0.0,87,2.0,6.26,6.727,6.22,6.635,0.12,,0.921,0.129,0.086,0.114,0.057,2.0,5.145,5.31,0.142,0.177,0.091,1.316,1.0068,1.982,0,0,0,0.0,1,1,111,True,0.5,0.5675,0.5675,116.5,217.1,253.0,136.5,50.6,15,72,20,10,fade(0.83);clearing_observed(asta_xlsx),72,15,52
Dimarco,D,E;W,INT,31,24.0,6.0,0.5,0.0,0.0,0.0,240,10.0,6.483,7.303,5.594,5.946,1.875,0.3897,0.637,0.139,0.199,0.085,0.0,4.0,5.566,10.07,0.178,0.394,0.178,2.141,1.1,3.009,56,7,0,0.218,2,0,180,True,1.0,0.5626,0.5816,163.6,226.4,253.9,90.3,64.5,16,126,82,41,fade(0.53);clearing_observed(asta_xlsx),126,16,44
Martinez L.,A,Pc,INT,33,36.1,6.0,0.5,0.0,0.0,0.0,361,8.0,6.382,8.06,6.35,7.825,0.172,0.0352,0.852,0.51,0.112,0.135,0.042,1.0,1.261,0.421,0.353,0.118,0.353,3.913,1.1,3.009,140,12,0,0.544,2,0,144,True,1.0,0.5608,0.6106,137.1,206.7,283.4,146.3,74.3,22,243,329,164,fade(0.67);clearing_observed(asta_xlsx),243,22,-86
Thuram,A,Pc,INT,28,24.9,6.0,0.5,0.0,0.0,0.0,249,3.0,6.415,7.86,6.433,7.837,0.086,-0.055,0.842,0.417,0.177,0.062,0.0,2.0,3.886,3.668,0.142,0.137,0.142,1.608,1.1,3.009,106,12,0,0.412,0,2,25,False,0.0,0.5601,0.597,135.1,184.1,256.9,121.8,51.7,20,177,306,153,fade(0.71);clearing_observed(asta_xlsx),177,20,-129
Pulisic,C,T;A,MIL,24,15.0,6.0,0.5,0.0,0.0,0.0,150,3.0,6.257,7.282,6.287,7.353,0.099,-0.09,0.851,0.32,0.196,0.031,0.031,3.0,10.017,5.834,0.389,0.232,0.338,2.334,1.0464,2.419,127,12,0,0.494,0,2,0,False,0.0,0.5598,0.6046,86.3,195.8,251.6,165.3,29.3,17,107,155,78,fade(0.79);team_discount(MIL);clearing_observed(asta_xlsx),107,17,-48
Pinamonti,A,Pc,LAZ,12,5.3,6.0,0.5,0.0,0.0,0.0,53,9.0,5.913,6.653,5.926,6.541,0.181,-0.0023,0.687,0.252,0.043,0.087,0.035,4.0,10.095,1.865,0.302,0.062,0.264,2.514,0.9953,1.856,14,3,0,0.054,0,1,10,False,0.0,0.5551,0.5596,65.1,168.6,247.2,182.1,36.2,11,48,82,41,fade(0.91);clearing_observed(asta_xlsx),48,11,-34
Orsolini,C,W;A,BOL,25,17.7,6.0,0.5,0.0,0.0,0.0,177,9.0,6.233,7.287,6.106,6.921,0.179,0.0375,0.772,0.284,0.095,0.072,0.064,4.0,10.299,3.826,0.45,0.173,0.321,3.475,1.004,1.952,145,8,0,0.564,1,1,80,True,0.5,0.5537,0.6049,81.9,196.1,248.6,166.7,29.6,22,153,190,95,fade(0.86);clearing_observed(asta_xlsx),153,22,-37
Yildiz,A,A,JUV,22,10.0,6.0,0.5,0.0,0.0,0.0,100,3.0,6.317,7.035,6.26,6.867,0.15,0.17,0.789,0.211,0.111,0.078,0.011,3.0,6.269,6.035,0.224,0.262,0.202,2.564,1.0076,1.992,37,8,0,0.144,1,0,69,True,0.5,0.5497,0.5618,101.1,193.8,258.3,157.2,61.4,18,80,281,140,fade(0.80);clearing_observed(asta_xlsx),80,18,-201
McTominay,C,C;T,NAP,27,22.0,6.0,0.5,0.0,0.0,0.0,220,2.0,6.447,7.393,6.475,7.46,0.085,,0.882,0.328,0.075,0.06,0.0,2.0,11.239,2.42,0.334,0.076,0.322,2.777,1.0241,2.173,170,11,1,0.961,2,0,146,True,1.0,0.5492,0.6417,92.0,182.1,247.3,155.3,15.6,17,141,205,102,fade(0.75);team_discount(NAP);clearing_observed(asta_xlsx),141,17,-64
Colombo L.,C,M;C,MON,3,0.4,6.0,0.5,0.0,0.0,0.0,4,,,,,,,,,,,,,4.0,7.56,1.767,0.314,0.085,0.269,2.448,0.9337,1.178,0,0,0,0.0,0,1,0,False,0.0,0.5487,0.5487,65.0,166.5,216.0,151.0,0.0,3,4,4,3,no_prior_data,4,3,0
Adams C.,A,A,TOR,10,3.3,6.0,0.5,0.0,0.0,0.0,33,2.0,5.987,6.68,5.99,6.7,0.01,,0.882,0.224,0.104,0.045,0.0,2.0,7.577,2.696,0.319,0.107,0.304,2.315,0.9571,1.436,46,7,0,0.179,1,1,103,True,0.5,0.5474,0.5625,80.5,195.6,252.6,172.1,63.2,9,30,6,3,fade(0.91);clearing_observed(historical),30,9,24
Ederson D.S.,C,M;C,ATA,12,4.6,6.0,0.5,0.0,0.0,0.0,46,1.0,6.25,6.43,6.25,6.43,0.0,,0.789,0.067,0.033,0.1,0.033,4.0,4.97,2.95,0.144,0.103,0.137,1.297,1.0354,2.298,0,0,0,0.0,2,0,158,True,1.0,0.5466,0.5466,106.5,189.4,236.7,130.2,22.9,11,43,20,10,fade(0.94);clearing_observed(asta_xlsx),43,11,23
Calhanoglu,C,M;C,INT,28,24.3,6.0,0.5,0.0,0.0,0.0,243,9.0,6.452,7.4,6.304,7.038,0.166,0.0493,0.825,0.209,0.202,0.174,0.082,4.0,5.708,4.864,0.233,0.202,0.075,2.219,1.1,3.009,216,17,0,0.7,2,0,119,True,1.0,0.5426,0.6063,128.0,207.1,253.8,125.8,40.6,28,243,91,46,thin_prior_sample_no_fade;clearing_observed(asta_xlsx),243,28,152
Fernandez T.,C,T;A,VEN,3,0.8,6.0,0.5,0.0,0.0,0.0,8,6.0,6.085,6.363,6.19,6.572,0.106,-0.0531,0.855,0.159,0.108,0.231,0.015,3.0,4.179,4.463,0.142,0.145,0.109,1.662,0.9494,1.351,0,0,0,0.0,0,0,0,False,0.0,0.5421,0.5421,96.8,183.6,225.8,129.0,17.1,3,8,8,3,no_prior_data,8,3,0
Beto,A,Pc,FIO,14,5.0,6.0,0.5,0.0,0.0,0.0,50,3.0,5.788,6.285,5.89,6.58,0.277,-0.305,0.544,0.344,0.016,0.049,0.016,1.0,10.855,2.893,0.458,0.122,0.426,2.576,1.0124,2.045,0,0,0,0.0,0,0,0,False,0.0,0.5414,0.5414,58.2,135.1,233.1,174.9,2.7,14,50,50,14,no_prior_data,50,14,0
Bonny,A,Pc,INT,7,1.5,6.0,0.5,0.0,0.0,0.0,15,2.0,6.11,6.723,6.09,6.67,0.06,,0.842,0.172,0.125,0.047,0.031,2.0,6.012,3.471,0.328,0.169,0.272,2.072,1.1,3.009,33,7,0,0.128,0,2,36,False,0.0,0.5398,0.5504,88.8,197.4,256.6,167.8,65.0,6,13,2,1,fade(0.88);clearing_observed(asta_xlsx),13,6,11
Ramon,D,Dc,COM,10,3.1,6.0,0.5,0.0,0.0,0.0,31,1.0,6.16,6.14,6.16,6.14,0.0,,0.842,0.062,0.0,0.344,0.0,1.0,5.472,1.027,0.179,0.034,0.179,1.279,1.0068,1.982,35,4,0,0.136,2,0,180,True,1.0,0.5388,0.55,108.2,183.6,217.3,109.1,21.7,9,27,20,10,fade(0.88);clearing_observed(asta_xlsx),27,9,7
Pasalic,C,C;T,ATA,8,2.2,6.0,0.5,0.0,0.0,0.0,22,9.0,5.975,6.33,6.039,6.686,0.126,-0.0018,0.789,0.204,0.096,0.1,0.007,4.0,5.4,4.375,0.281,0.203,0.255,1.65,1.0354,2.298,0,0,0,0.0,2,0,150,True,1.0,0.5372,0.5372,84.5,188.1,237.9,153.4,21.6,8,22,19,10,fade(0.99);clearing_observed(asta_xlsx),22,8,3
Colombo,A,Pc,GEN,11,5.2,6.0,0.5,0.0,0.0,0.0,52,6.0,5.908,6.4,4.9,5.218,2.192,0.8571,0.653,0.18,0.041,0.098,0.025,4.0,7.56,1.767,0.314,0.085,0.269,2.448,0.9593,1.46,12,2,0,0.047,2,0,164,True,1.0,0.5367,0.5405,83.0,187.0,246.3,163.3,54.6,10,49,46,23,fade(0.95);clearing_observed(asta_xlsx),49,10,3
Castro S.,A,Pc,ROM,14,7.0,6.0,0.5,0.0,0.0,0.0,70,3.0,6.022,6.592,6.033,6.59,0.101,-0.035,0.64,0.221,0.074,0.162,0.0,3.0,7.134,2.088,0.323,0.114,0.309,2.431,1.0268,2.203,18,5,0,0.07,0,2,45,False,0.0,0.5366,0.5423,70.9,171.0,249.1,178.2,38.6,13,65,163,82,fade(0.93);clearing_observed(asta_xlsx),65,13,-98
Simeone,A,Pc,TOR,14,8.0,6.0,0.5,0.0,0.0,0.0,80,10.0,5.97,6.552,5.949,6.748,0.194,0.0162,0.761,0.291,0.062,0.093,0.003,4.0,7.035,1.236,0.469,0.119,0.469,3.373,0.9571,1.436,66,6,0,0.257,2,0,143,True,1.0,0.5345,0.5559,80.9,176.1,242.6,161.7,43.7,12,67,26,13,fade(0.84);clearing_observed(asta_xlsx),67,12,41
De Ketelaere,A,A,ATA,17,9.5,6.0,0.5,0.0,0.0,0.0,95,4.0,6.222,6.845,6.115,6.668,0.222,0.128,0.822,0.16,0.152,0.064,0.008,4.0,6.688,6.921,0.293,0.335,0.284,1.913,1.0354,2.298,112,11,0,0.436,1,1,85,True,0.5,0.5325,0.5698,99.2,188.9,254.8,155.6,56.5,16,87,51,26,fade(0.91);clearing_observed(asta_xlsx),87,16,36
Esposito F.P.,A,Pc,INT,17,10.5,6.0,0.5,0.0,0.0,0.0,105,1.0,6.26,7.02,6.26,7.02,0.0,,0.816,0.226,0.097,0.032,0.0,,,,,,,,1.1,3.009,0,0,0,0.0,2,0,155,True,1.0,0.5305,0.5305,100.4,203.5,259.0,158.6,71.1,14,89,2,1,fade(0.85);clearing_observed(asta_xlsx),89,14,87
Modric,C,M;C,MIL,12,4.5,6.0,0.5,0.0,0.0,0.0,45,1.0,6.45,6.67,6.45,6.67,0.0,,0.868,0.061,0.091,0.121,0.0,1.0,1.247,4.026,0.04,0.128,0.04,0.637,1.0464,2.419,25,4,0,0.097,1,1,108,True,0.5,0.5296,0.5374,119.5,203.2,247.2,127.7,36.7,10,36,40,20,fade(0.88);team_discount(MIL);clearing_observed(asta_xlsx),36,10,-4
Barella,C,C,INT,18,8.1,6.0,0.5,0.0,0.0,0.0,81,10.0,6.29,6.66,6.216,6.462,0.165,0.0401,0.876,0.084,0.147,0.237,0.009,4.0,3.422,5.33,0.117,0.181,0.117,1.292,1.1,3.009,68,8,0,0.264,2,0,180,True,1.0,0.5289,0.5507,130.9,212.1,242.6,111.7,45.6,16,71,80,40,fade(0.88);clearing_observed(asta_xlsx),71,16,-9
Piccoli,A,Pc,BOL,8,2.9,6.0,0.5,0.0,0.0,0.0,29,8.0,5.893,6.442,5.8,6.229,0.211,0.0531,0.447,0.206,0.016,0.095,0.016,4.0,10.54,1.096,0.44,0.057,0.42,2.851,1.004,1.952,17,3,0,0.066,2,0,120,True,1.0,0.5286,0.5339,80.5,179.4,245.8,165.3,47.0,8,28,70,35,fade(0.98);clearing_observed(asta_xlsx),28,8,-42
Alajbegovic,C,W;T,JUV,11,4.2,6.0,0.5,0.0,0.0,0.0,42,,,,,,,,,,,,,3.0,4.445,1.437,0.508,0.133,0.485,2.775,1.0076,1.992,7,2,0,0.027,0,2,33,False,0.0,0.5283,0.5304,68.1,166.5,216.2,148.1,0.0,11,42,65,32,no_prior_data;clearing_observed(historical),42,11,-23
Stulic,A,Pc,LEC,6,1.1,6.0,0.5,0.0,0.0,0.0,11,1.0,5.73,6.12,5.73,6.12,0.0,,0.789,0.133,0.0,0.033,0.033,1.0,5.471,2.101,0.287,0.11,0.247,1.734,0.9201,1.029,0,0,0,0.0,0,2,52,False,0.0,0.5282,0.5282,51.8,134.7,213.3,161.5,2.3,6,11,26,13,fade(1.00);clearing_observed(asta_xlsx),11,6,-15
Rabiot,C,C;T,MIL,23,14.5,6.0,0.5,0.0,0.0,0.0,145,6.0,6.242,6.828,6.022,6.37,0.236,0.1009,0.794,0.133,0.077,0.199,0.0,3.0,4.682,3.505,0.175,0.119,0.175,1.494,1.0464,2.419,110,11,0,0.428,0,2,65,False,0.0,0.5269,0.5631,74.7,192.3,244.9,170.2,25.8,17,106,119,60,fade(0.81);team_discount(MIL);clearing_observed(asta_xlsx),106,17,-13
McKennie,C,C;T,JUV,17,7.0,6.0,0.5,0.0,0.0,0.0,70,4.0,6.078,6.453,5.992,6.287,0.194,0.103,0.743,0.071,0.15,0.124,0.0,4.0,5.825,3.962,0.156,0.161,0.156,0.975,1.0076,1.992,52,9,0,0.202,1,0,90,True,0.5,0.5261,0.5425,100.3,161.2,231.8,131.5,0.0,15,62,43,22,fade(0.88);clearing_observed(historical),62,15,19
De Gea,P,Por,FIO,11,3.0,6.0,0.5,0.0,0.0,0.0,30,2.0,6.273,5.137,6.29,5.205,0.05,,0.947,0.0,0.0,0.014,0.0,2.0,,0.309,0.0,0.009,0.0,0.0,1.0124,2.045,7,2,0,0.027,2,0,180,True,1.0,0.5257,0.5278,78.4,151.4,195.7,117.3,6.2,11,30,85,42,goalkeeper_no_fade;clearing_observed(asta_xlsx),30,11,-55
Woltemade,A,A,JUV,23,16.0,6.0,0.5,0.0,0.0,0.0,160,,,,,,,,,,,,,,,,,,,,1.0076,1.992,0,0,0,0.0,0,0,0,False,0.0,0.5248,0.5248,75.3,177.4,255.9,180.6,45.0,23,160,160,23,no_prior_data,160,23,0
Rodriguez Je.,C,W;A,COM,11,3.1,6.0,0.5,0.0,0.0,0.0,31,1.0,6.25,6.66,6.25,6.66,0.0,,0.737,0.071,0.286,0.107,0.0,1.0,3.921,6.971,0.204,0.363,0.204,2.344,1.0068,1.982,19,2,0,0.074,1,1,71,True,0.5,0.5247,0.5306,122.2,200.7,246.2,124.0,34.2,10,28,19,10,fade(0.89);clearing_observed(asta_xlsx),28,10,9
Karlstrom,C,M;C,UDI,7,2.0,6.0,0.5,0.0,0.0,0.0,20,2.0,5.923,5.9,5.905,5.87,0.055,,0.961,0.014,0.027,0.205,0.0,2.0,0.97,1.288,0.028,0.036,0.028,0.467,0.965,1.523,8,2,0,0.031,2,0,180,True,1.0,0.5231,0.5255,88.2,179.2,221.0,132.8,12.7,8,21,1,1,fade(1.07);clearing_observed(asta_xlsx),21,8,20
Hojlund,A,Pc,NAP,28,26.0,6.0,0.5,0.0,0.0,0.0,260,2.0,6.18,7.317,6.165,7.255,0.045,,0.829,0.333,0.111,0.032,0.016,,,,,,,,1.0241,2.173,136,11,0,0.529,2,0,158,True,1.0,0.5211,0.566,103.1,197.2,261.2,158.1,64.8,19,173,269,134,fade(0.78);team_discount(NAP);clearing_observed(asta_xlsx),173,19,-96
Politano,C,W,NAP,9,3.7,6.0,0.5,0.0,0.0,0.0,37,11.0,6.113,6.468,6.139,6.645,0.092,-0.0039,0.823,0.16,0.122,0.087,0.017,4.0,3.96,6.157,0.185,0.254,0.138,2.195,1.0241,2.173,62,9,0,0.241,2,0,157,True,1.0,0.5204,0.5399,110.7,177.7,236.6,125.9,11.2,7,30,92,46,fade(0.96);team_discount(NAP);clearing_observed(asta_xlsx),30,7,-62
Esposito Se.,A,A,SAS,12,4.0,6.0,0.5,0.0,0.0,0.0,40,3.0,5.187,5.703,4.143,4.557,2.93,3.13,0.908,0.217,0.058,0.101,0.029,1.0,9.865,2.057,0.578,0.121,0.578,3.342,0.9714,1.594,99,8,0,0.385,0,0,0,False,0.0,0.5201,0.552,86.3,151.4,215.8,129.5,19.0,10,35,40,20,fade(0.87);clearing_observed(asta_xlsx),35,10,-5
Ekkelenkamp,C,C;T,UDI,12,5.7,6.0,0.5,0.0,0.0,0.0,57,2.0,6.023,6.497,6.01,6.44,0.04,,0.842,0.125,0.078,0.047,0.0,2.0,4.198,2.095,0.172,0.092,0.172,1.289,0.965,1.523,73,9,0,0.284,2,0,175,True,1.0,0.5198,0.5429,77.8,174.9,229.4,151.6,8.4,11,51,36,18,fade(0.90);clearing_observed(historical),51,11,15
Thuram K.,C,C,JUV,9,2.5,6.0,0.5,0.0,0.0,0.0,25,2.0,6.167,6.513,6.2,6.57,0.1,,0.882,0.104,0.104,0.104,0.0,2.0,3.886,3.668,0.142,0.137,0.142,1.608,1.0076,1.992,78,10,0,0.303,0,1,0,False,0.0,0.5188,0.5435,96.4,197.1,232.7,136.3,30.6,9,24,96,48,fade(0.95);clearing_observed(asta_xlsx),24,9,-72
Mkhitaryan,C,C,INT,4,0.9,6.0,0.5,0.0,0.0,0.0,9,7.0,6.192,6.492,6.221,6.866,0.109,-0.0161,0.805,0.173,0.164,0.121,0.005,4.0,4.176,3.531,0.143,0.144,0.143,1.426,1.1,3.009,68,6,0,0.264,0,1,0,False,0.0,0.5181,0.5395,99.0,191.6,233.9,134.9,25.1,4,8,16,8,fade(0.90);clearing_observed(asta_xlsx),8,4,-8
Mancini,D,Dc,ROM,16,5.0,6.0,0.5,0.0,0.0,0.0,50,9.0,6.183,6.375,6.07,6.182,0.14,0.0242,0.816,0.078,0.03,0.281,0.0,4.0,2.618,1.543,0.076,0.046,0.076,0.622,1.0268,2.203,33,9,0,0.128,2,0,180,True,1.0,0.5177,0.5278,105.9,183.8,227.4,121.5,21.9,12,39,21,10,fade(0.77);clearing_observed(asta_xlsx),39,12,18
Baturina,C,T,COM,20,10.5,6.0,0.5,0.0,0.0,0.0,105,1.0,6.3,7.14,6.3,7.14,0.0,,0.658,0.24,0.12,0.0,0.0,1.0,1.901,6.696,0.108,0.382,0.108,1.596,1.0068,1.982,20,4,0,0.078,2,0,103,True,1.0,0.5174,0.5235,116.4,211.9,256.9,140.5,45.4,16,82,10,5,fade(0.78);clearing_observed(asta_xlsx),82,16,72
Giovane,A,A,NAP,4,0.7,6.0,0.5,0.0,0.0,0.0,7,1.0,6.0,6.45,6.0,6.45,0.0,,0.816,0.097,0.194,0.065,0.0,1.0,4.269,4.357,0.205,0.209,0.205,2.691,1.0241,2.173,54,4,0,0.21,0,2,0,False,0.0,0.5172,0.534,90.9,147.7,231.7,140.8,15.3,3,6,2,1,fade(0.94);team_discount(NAP);clearing_observed(asta_xlsx),6,3,4
Atta,C,C;T,FIO,15,7.8,6.0,0.5,0.0,0.0,0.0,78,2.0,6.24,6.55,6.18,6.385,0.18,,0.724,0.091,0.055,0.145,0.0,2.0,3.338,2.5,0.137,0.118,0.137,1.967,1.0124,2.045,60,5,0,0.233,2,0,164,True,1.0,0.5167,0.5354,104.1,200.2,232.5,128.4,33.7,13,65,51,26,fade(0.84);clearing_observed(asta_xlsx),65,13,14
Kean,A,Pc,COM,24,18.3,6.0,0.5,0.0,0.0,0.0,183,9.0,6.08,7.067,5.464,6.454,1.968,0.0488,0.493,0.302,0.036,0.194,0.022,4.0,15.436,1.073,0.665,0.061,0.622,3.623,1.0068,1.982,282,18,1,1.0,0,1,27,False,0.0,0.5158,0.6068,54.1,164.9,245.8,191.7,32.5,21,162,307,154,fade(0.89);clearing_observed(asta_xlsx),162,21,-145
Delprato,D,B;Dd;E,PAR,8,2.1,6.0,0.5,0.0,0.0,0.0,21,2.0,5.95,6.077,5.97,6.11,0.06,,0.908,0.087,0.0,0.188,0.0,2.0,2.159,1.032,0.064,0.031,0.064,0.457,0.9545,1.408,42,7,0,0.163,2,0,180,True,1.0,0.5146,0.5275,92.5,188.8,218.1,125.6,26.9,7,19,17,8,fade(0.92);clearing_observed(asta_xlsx),19,7,2
Robinson J.,A,A,MON,4,0.5,6.0,0.5,0.0,0.0,0.0,5,,,,,,,,,,,,,3.0,2.404,2.052,0.116,0.099,0.116,1.075,0.9337,1.178,0,0,0,0.0,0,2,11,False,0.0,0.5143,0.5143,63.8,156.9,214.2,150.4,24.5,4,5,2,1,no_prior_data;clearing_observed(historical),5,4,3
Floriani Mussolini,D,Dd;E,LAZ,4,1.0,6.0,0.5,0.0,0.0,0.0,10,1.0,5.72,5.72,5.72,5.72,0.0,,0.605,0.0,0.043,0.087,0.0,3.0,6.72,3.908,0.333,0.248,0.268,2.368,0.9953,1.856,17,3,0,0.066,1,1,151,True,0.5,0.5138,0.5189,62.3,150.0,211.4,149.1,0.0,4,10,5,2,thin_prior_sample_no_fade;clearing_observed(historical),10,4,5
Pavlovic,D,Dc,MIL,14,4.9,6.0,0.5,0.0,0.0,0.0,49,2.0,6.13,6.45,6.075,6.365,0.165,,0.737,0.125,0.018,0.125,0.0,2.0,3.33,1.006,0.115,0.038,0.115,0.816,1.0464,2.419,36,8,0,0.14,2,0,180,True,1.0,0.5136,0.5246,87.4,183.3,233.5,146.1,21.4,9,33,27,14,fade(0.74);team_discount(MIL);clearing_observed(asta_xlsx),33,9,6
Carnesecchi,P,Por,ATA,17,5.5,6.0,0.5,0.0,0.0,0.0,55,5.0,6.325,5.447,5.048,4.166,2.525,1.271,0.822,0.0,0.008,0.016,0.0,4.0,,0.178,0.0,0.006,0.0,0.0,1.0354,2.298,11,2,0,0.043,2,0,180,True,1.0,0.5134,0.5167,87.7,167.7,198.9,111.2,22.5,17,55,83,42,goalkeeper_no_fade;clearing_observed(asta_xlsx),55,17,-28
Milinkovic-Savic V.,P,Por,NAP,5,0.5,6.0,0.5,0.0,0.0,0.0,5,8.0,6.22,5.515,6.027,4.866,0.174,0.061,0.569,0.0,0.0,0.073,0.0,1.0,7.642,7.67,0.226,0.227,0.226,1.892,1.0241,2.173,71,10,0,0.276,0,2,0,False,0.0,0.5132,0.5354,38.3,105.8,187.4,149.1,0.0,4,4,55,28,goalkeeper_no_fade;team_discount(NAP);clearing_observed(asta_xlsx),4,4,-51
Rowe,C,W;T,ATA,10,4.0,6.0,0.5,0.0,0.0,0.0,40,1.0,6.2,6.59,6.2,6.59,0.0,,0.737,0.107,0.107,0.071,0.0,1.0,4.977,2.7,0.278,0.151,0.278,2.68,1.0354,2.298,86,5,0,0.334,0,1,30,False,0.0,0.513,0.5401,78.6,192.8,242.2,163.6,26.3,9,36,32,16,fade(0.90);clearing_observed(asta_xlsx),36,9,4
Mota,A,A,MON,4,0.8,6.0,0.5,0.0,0.0,0.0,8,3.0,5.935,6.398,5.977,6.453,0.103,-0.125,0.816,0.151,0.065,0.086,0.0,3.0,5.229,2.423,0.238,0.107,0.238,1.598,0.9337,1.178,83,9,0,0.323,0,1,11,False,0.0,0.5122,0.5383,64.1,151.3,238.6,174.5,18.9,4,8,2,1,no_prior_data;clearing_observed(historical),8,4,6
Lucca,A,Pc,NAP,4,1.2,6.0,0.5,0.0,0.0,0.0,12,3.0,5.903,6.475,5.957,6.6,0.17,-0.16,0.667,0.299,0.045,0.239,0.015,3.0,5.555,1.175,0.339,0.059,0.327,2.378,1.0241,2.173,43,6,0,0.167,0,0,0,False,0.0,0.5118,0.5249,51.0,138.7,228.8,177.8,6.3,3,10,38,19,thin_prior_sample_no_fade;team_discount(NAP);clearing_observed(asta_xlsx),10,3,-28
Sanchez Ro.,P,Por,COM,8,2.5,6.0,0.5,0.0,0.0,0.0,25,,,,,,,,,,,,,2.0,1.707,2.203,0.304,0.344,0.245,1.955,1.0068,1.982,0,0,0,0.0,0,0,0,False,0.0,0.511,0.511,64.9,161.9,213.4,148.5,16.7,8,25,25,8,goalkeeper_no_fade,25,8,0
Raspadori,A,A,ATA,14,7.3,6.0,0.5,0.0,0.0,0.0,73,7.0,6.12,6.92,6.106,6.839,0.127,-0.0193,0.564,0.224,0.077,0.07,0.0,4.0,4.555,2.441,0.395,0.201,0.379,3.525,1.0354,2.298,37,4,0,0.144,2,0,138,True,1.0,0.5106,0.5219,86.8,205.2,258.7,171.9,72.8,14,73,61,31,thin_prior_sample_no_fade;clearing_observed(historical),73,14,12
Conceicao,C,W;A,JUV,13,6.8,6.0,0.5,0.0,0.0,0.0,68,2.0,6.227,6.633,6.2,6.6,0.08,,0.724,0.109,0.145,0.109,0.0,2.0,6.702,4.284,0.304,0.224,0.304,2.953,1.0076,1.992,141,12,0,0.548,2,0,145,True,1.0,0.5104,0.5561,104.6,209.8,246.0,141.4,43.3,11,60,67,34,fade(0.88);clearing_observed(asta_xlsx),60,11,-7
Carlos Augusto,D,B;Ds;E,INT,6,2.0,6.0,0.5,0.0,0.0,0.0,20,4.0,6.15,6.318,6.155,6.435,0.03,-0.006,0.829,0.079,0.095,0.095,0.0,4.0,2.324,2.553,0.12,0.113,0.12,1.192,1.1,3.009,65,8,0,0.253,0,2,0,False,0.0,0.5095,0.5296,76.6,171.3,227.9,151.3,9.4,5,17,20,10,fade(0.87);clearing_observed(asta_xlsx),17,5,-3
Coco,D,Dc,TOR,7,1.4,6.0,0.5,0.0,0.0,0.0,14,2.0,5.847,5.883,5.85,5.87,0.01,,0.882,0.045,0.015,0.194,0.0,2.0,1.42,0.383,0.047,0.012,0.047,0.53,0.9571,1.436,21,4,0,0.082,2,0,180,True,1.0,0.5092,0.5155,94.3,178.6,222.5,128.2,16.7,7,13,1,1,fade(0.95);clearing_observed(asta_xlsx),13,7,12
Kevin Carlos,A,Pc,CAG,12,3.6,6.0,0.5,0.0,0.0,0.0,36,,,,,,,,,,,,,1.0,1.673,0.048,0.077,0.002,0.077,0.37,0.9604,1.472,0,0,0,0.0,0,2,33,False,0.0,0.5091,0.5091,66.9,156.9,214.4,147.5,24.5,12,36,4,2,no_prior_data;clearing_observed(historical),36,12,32
Coulibaly L.,C,M;C,LEC,7,1.7,6.0,0.5,0.0,0.0,0.0,17,5.0,5.965,6.087,5.916,5.982,0.138,0.042,0.858,0.043,0.025,0.166,0.0,4.0,2.106,1.268,0.052,0.044,0.052,0.579,0.9201,1.029,44,6,0,0.171,2,0,180,True,1.0,0.5091,0.5225,95.9,188.1,220.3,124.4,21.6,7,17,5,2,fade(0.98);clearing_observed(historical),17,7,12
Samardzic,C,C;T,ATA,13,4.4,6.0,0.5,0.0,0.0,0.0,44,5.0,6.025,6.352,6.074,6.52,0.084,-0.034,0.668,0.134,0.071,0.063,0.008,4.0,2.658,3.862,0.149,0.218,0.138,2.333,1.0354,2.298,0,0,0,0.0,0,2,52,False,0.0,0.509,0.509,66.8,149.9,229.7,162.9,0.0,13,44,21,10,thin_prior_sample_no_fade;clearing_observed(asta_xlsx),44,13,23
Valeri,D,Ds;E,PAR,8,2.2,6.0,0.5,0.0,0.0,0.0,22,4.0,5.943,6.057,5.92,6.055,0.192,0.028,0.789,0.033,0.1,0.075,0.008,4.0,1.097,4.033,0.059,0.153,0.051,1.034,0.9545,1.408,0,0,0,0.0,2,0,180,True,1.0,0.5082,0.5082,81.4,175.9,220.3,138.9,14.0,7,20,21,10,fade(0.89);clearing_observed(asta_xlsx),20,7,-1
Falcone,P,Por,LEC,8,2.6,6.0,0.5,0.0,0.0,0.0,26,8.0,6.333,5.025,4.703,3.526,2.718,0.9133,0.719,0.0,0.0,0.039,0.0,4.0,,0.031,0.0,0.001,0.0,0.0,0.9201,1.029,4,2,0,0.016,2,0,180,True,1.0,0.5074,0.5086,83.6,175.5,195.4,111.8,30.3,8,26,2,1,goalkeeper_no_fade;clearing_observed(asta_xlsx),26,8,24
El Shaarawy,C,W,GEN,7,2.5,6.0,0.5,0.0,0.0,0.0,25,10.0,6.142,6.468,6.091,6.801,0.197,0.0009,0.611,0.229,0.099,0.067,0.0,4.0,2.408,1.746,0.235,0.127,0.235,2.332,0.9593,1.46,0,0,0,0.0,0,0,0,False,0.0,0.5072,0.5072,58.5,147.9,225.1,166.6,0.0,7,25,25,7,thin_prior_sample_no_fade,25,7,0
Pierotti,C,W,LEC,6,1.9,6.0,0.5,0.0,0.0,0.0,19,3.0,5.848,5.993,5.893,6.053,0.125,-0.135,0.693,0.069,0.028,0.111,0.0,3.0,3.359,2.117,0.157,0.119,0.157,1.332,0.9201,1.029,14,4,0,0.054,2,0,161,True,1.0,0.507,0.5111,82.7,186.5,225.5,142.8,20.0,7,21,2,1,fade(1.11);clearing_observed(asta_xlsx),21,7,19
Konè M.,C,M;C,ROM,10,4.2,6.0,0.5,0.0,0.0,0.0,42,1.0,6.26,6.53,6.26,6.53,0.0,,0.763,0.069,0.103,0.069,0.0,1.0,5.083,1.76,0.164,0.057,0.164,0.741,1.0268,2.203,124,12,0,0.482,2,0,146,True,1.0,0.5068,0.5463,94.5,195.7,230.5,136.0,29.2,9,39,80,40,fade(0.92);clearing_observed(asta_xlsx),39,9,-41
N'Dicka,D,Dc,ROM,13,4.2,6.0,0.5,0.0,0.0,0.0,42,3.0,6.033,6.147,5.997,6.07,0.097,0.11,0.825,0.032,0.043,0.138,0.0,3.0,1.724,0.97,0.049,0.032,0.049,0.543,1.0268,2.203,42,7,0,0.163,1,0,90,True,0.5,0.5064,0.5191,85.8,166.9,217.0,131.2,5.0,11,35,17,8,fade(0.82);clearing_observed(asta_xlsx),35,11,18
Varela G.,A,Pc,MON,7,4.0,6.0,0.5,0.0,0.0,0.0,40,,,,,,,,,,,,,,,,,,,,0.9337,1.178,0,0,0,0.0,2,0,173,True,1.0,0.5063,0.5063,75.4,176.6,218.5,143.1,44.2,7,40,6,3,no_prior_data;clearing_observed(historical),40,7,34
Sarr P.,C,M;C,JUV,7,2.5,6.0,0.5,0.0,0.0,0.0,25,5.0,,,,,0.0,,,,,,,2.0,2.676,1.745,0.193,0.105,0.193,1.266,1.0076,1.992,41,6,0,0.159,0,0,0,False,0.0,0.5063,0.5187,65.0,168.2,215.4,150.4,1.7,7,25,25,7,no_prior_data,25,7,0
Pozzi,P,Por,VEN,1,0.1,6.0,0.5,0.0,0.0,0.0,1,,,,,,,,,,,,,2.0,0.752,0.667,0.106,0.088,0.106,1.985,0.9494,1.351,0,0,0,0.0,0,0,0,False,0.0,0.5063,0.5063,64.9,161.9,213.4,148.5,16.7,1,1,1,1,floor_qi,1,1,0
Locatelli,C,M;C,JUV,9,3.3,6.0,0.5,0.0,0.0,0.0,33,11.0,6.165,6.172,5.991,6.015,0.348,0.0675,0.718,0.05,0.07,0.247,0.01,4.0,1.982,2.595,0.053,0.082,0.041,0.988,1.0076,1.992,35,4,0,0.136,2,0,180,True,1.0,0.506,0.5165,111.0,187.7,219.2,108.2,21.2,9,33,8,4,fade(1.01);clearing_observed(asta_xlsx),33,9,25
Aurelio,D,Ds;E,CAG,2,0.5,6.0,0.5,0.0,0.0,0.0,5,,,,,,,,,,,,,3.0,0.626,2.479,0.035,0.14,0.035,0.697,0.9604,1.472,0,0,0,0.0,0,2,9,False,0.0,0.5054,0.5054,66.0,161.9,212.5,146.5,0.0,2,5,5,2,floor_qi,5,2,0
Mandragora,C,C,TOR,8,2.3,6.0,0.5,0.0,0.0,0.0,23,10.0,6.075,6.58,5.367,5.571,1.794,0.3542,0.754,0.093,0.074,0.205,0.008,4.0,3.749,3.181,0.137,0.144,0.12,1.93,0.9571,1.436,70,11,0,0.272,0,2,35,False,0.0,0.5051,0.5266,67.9,168.2,237.9,170.0,1.7,7,21,3,2,fade(0.90);clearing_observed(asta_xlsx),21,7,18
Isaksen,C,W;A,LAZ,9,2.2,6.0,0.5,0.0,0.0,0.0,22,3.0,6.048,6.505,6.053,6.477,0.012,-0.015,0.763,0.138,0.034,0.092,0.0,3.0,4.724,2.19,0.225,0.12,0.225,2.304,0.9953,1.856,86,5,0,0.334,0,2,72,False,0.0,0.5047,0.5313,60.5,159.7,230.6,170.1,0.0,8,20,51,26,fade(0.89);clearing_observed(asta_xlsx),20,8,-31
Tornqvist,P,Por,MON,1,1.0,6.0,0.5,0.0,0.0,0.0,10,1.0,,,,,0.0,,,,,,,,,,,,,,0.9337,1.178,0,0,0,0.0,0,1,0,False,0.0,0.5044,0.5044,64.9,161.9,213.4,148.5,16.7,1,10,2,1,floor_qi;clearing_observed(historical),10,1,8
Cristante,C,M;C,ROM,9,2.9,6.0,0.5,0.0,0.0,0.0,29,11.0,6.14,6.365,5.926,6.107,0.249,0.0506,0.778,0.093,0.059,0.211,0.0,4.0,2.717,2.192,0.092,0.069,0.086,1.23,1.0268,2.203,69,5,0,0.268,2,0,180,True,1.0,0.5043,0.5254,101.2,173.6,232.2,131.0,7.1,9,29,1,1,fade(1.00);clearing_observed(asta_xlsx),29,9,28
Kempf,D,Dc,COM,5,1.3,6.0,0.5,0.0,0.0,0.0,13,2.0,6.03,6.267,5.985,6.14,0.135,,0.789,0.067,0.017,0.117,0.0,2.0,2.674,1.332,0.086,0.049,0.086,0.765,1.0068,1.982,63,8,0,0.245,0,2,25,False,0.0,0.5033,0.5225,74.9,161.5,221.2,146.3,0.0,4,10,1,1,fade(0.77);clearing_observed(asta_xlsx),10,4,9
Kolo Muani,A,Pc,JUV,25,16.5,6.0,0.5,0.0,0.0,0.0,165,1.0,6.22,7.78,6.22,7.78,0.0,,0.421,0.5,0.062,0.0,0.062,1.0,4.807,1.423,0.368,0.109,0.31,1.991,1.0076,1.992,80,8,0,0.311,2,0,180,True,1.0,0.5032,0.5278,99.0,178.0,272.3,173.3,45.6,25,165,188,94,no_prior_data;clearing_observed(historical),165,25,-23
Lulli,D,E,ROM,2,1.0,6.0,0.5,0.0,0.0,0.0,10,,,,,,,,,,,,,,,,,,,,1.0268,2.203,0,0,0,0.0,2,0,180,True,1.0,0.5031,0.5031,77.6,178.6,217.6,140.0,16.7,2,10,6,3,floor_qi;clearing_observed(historical),10,2,4
Goncalves P.,C,W;T,FIO,12,5.0,6.0,0.5,0.0,0.0,0.0,50,,,,,,,,,,,,,,,,,,,,1.0124,2.045,0,0,0,0.0,0,0,0,False,0.0,0.5029,0.5029,68.1,166.5,216.2,148.1,0.0,12,50,50,12,no_prior_data,50,12,0
Przyborek,C,W;T,LAZ,1,0.5,6.0,0.5,0.0,0.0,0.0,5,1.0,,,,,0.0,,,,,,,,,,,,,,0.9953,1.856,0,0,0,0.0,0,2,0,False,0.0,0.5027,0.5027,65.0,166.5,216.0,151.0,0.0,1,5,5,1,floor_qi,5,1,0
Mascardi,P,Por,TOR,1,0.5,6.0,0.5,0.0,0.0,0.0,5,,,,,,,,,,,,,,,,,,,,0.9571,1.436,0,0,0,0.0,2,0,180,True,1.0,0.5027,0.5027,76.5,178.6,217.7,141.2,33.4,1,5,3,2,floor_qi;clearing_observed(historical),5,1,2
Vasquez,D,Ds;Dc,GEN,9,3.0,6.0,0.5,0.0,0.0,0.0,30,5.0,6.087,6.162,5.994,6.03,0.139,0.066,0.832,0.044,0.006,0.196,0.0,1.0,,0.0,0.0,0.0,0.0,0.0,0.9593,1.46,32,5,0,0.124,2,0,165,True,1.0,0.5024,0.5119,97.2,183.5,221.7,124.5,21.6,8,26,19,10,fade(0.88);clearing_observed(asta_xlsx),26,8,7
Svilar,P,Por,ROM,19,8.5,6.0,0.5,0.0,0.0,0.0,85,4.0,6.315,5.413,6.263,5.258,0.17,0.063,0.618,0.0,0.0,0.022,0.0,3.0,0.027,0.013,0.001,0.0,0.001,0.011,1.0268,2.203,0,0,0,0.0,2,0,180,True,1.0,0.5023,0.5023,80.5,175.3,198.9,118.4,30.1,19,85,100,50,goalkeeper_no_fade;clearing_observed(asta_xlsx),85,19,-15
Robinho Junior,A,A,GEN,1,0.3,6.0,0.5,0.0,0.0,0.0,3,,,,,,,,,,,,,,,,,,,,0.9593,1.46,0,0,0,0.0,0,0,0,False,0.0,0.5021,0.5021,63.8,156.9,214.2,150.4,24.5,1,3,3,1,floor_qi,3,1,0
Frendrup,C,M;C,GEN,7,1.9,6.0,0.5,0.0,0.0,0.0,19,4.0,6.018,6.068,5.998,6.045,0.154,0.025,0.776,0.046,0.037,0.148,0.0,3.0,0.957,1.448,0.034,0.042,0.034,0.663,0.9593,1.46,24,4,0,0.093,2,0,180,True,1.0,0.5018,0.5089,86.7,189.3,222.5,135.8,22.8,8,20,4,2,fade(1.07);clearing_observed(asta_xlsx),20,8,16
Drameh,D,Dd;Ds;E,GEN,3,1.0,6.0,0.5,0.0,0.0,0.0,10,,,,,,,,,,,,,,,,,,,,0.9593,1.46,0,0,0,0.0,0,0,0,False,0.0,0.5017,0.5017,66.0,161.9,212.5,146.5,0.0,3,10,10,3,no_prior_data,10,3,0
De Marzi,P,Por,ROM,1,0.1,6.0,0.5,0.0,0.0,0.0,1,1.0,,,,,0.0,,,,,,,,,,,,,,1.0268,2.203,0,0,0,0.0,0,2,0,False,0.0,0.5014,0.5014,64.9,161.9,213.4,148.5,16.7,1,1,2,1,floor_qi;clearing_observed(historical),1,1,-1
Stolz,P,Por,GEN,1,0.1,6.0,0.5,0.0,0.0,0.0,1,2.0,,,,,0.0,,,,,,,,,,,,,,0.9593,1.46,0,0,0,0.0,0,2,0,False,0.0,0.5014,0.5014,64.9,161.9,213.4,148.5,16.7,1,1,1,1,floor_qi,1,1,0
Lolic,P,Por,FRO,1,0.1,6.0,0.5,0.0,0.0,0.0,1,,,,,,,,,,,,,,,,,,,,0.9827,1.718,0,0,0,0.0,0,0,0,False,0.0,0.5014,0.5014,64.9,161.9,213.4,148.5,16.7,1,1,1,1,floor_qi,1,1,0
Happonen,P,Por,BOL,1,0.1,6.0,0.5,0.0,0.0,0.0,1,,,,,,,,,,,,,,,,,,,,1.004,1.952,0,0,0,0.0,0,2,0,False,0.0,0.5014,0.5014,64.9,161.9,213.4,148.5,16.7,1,1,2,1,floor_qi;clearing_observed(historical),1,1,-1
Ghidotti,P,Por,PAR,1,0.1,6.0,0.5,0.0,0.0,0.0,1,1.0,,,,,0.0,,,,,,,,,,,,,,0.9545,1.408,0,0,0,0.0,0,0,0,False,0.0,0.5014,0.5014,64.9,161.9,213.4,148.5,16.7,1,1,1,1,floor_qi,1,1,0
Penev,P,Por,LEC,1,0.1,6.0,0.5,0.0,0.0,0.0,1,,,,,,,,,,,,,,,,,,,,0.9201,1.029,0,0,0,0.0,0,2,0,False,0.0,0.5014,0.5014,64.9,161.9,213.4,148.5,16.7,1,1,1,1,floor_qi,1,1,0
Pompei,P,Por,ATA,1,0.1,6.0,0.5,0.0,0.0,0.0,1,,,,,,,,,,,,,,,,,,,,1.0354,2.298,0,0,0,0.0,0,0,0,False,0.0,0.5014,0.5014,64.9,161.9,213.4,148.5,16.7,1,1,1,1,floor_qi,1,1,0
Laerke,C,W;A,LEC,1,0.1,6.0,0.5,0.0,0.0,0.0,1,,,,,,,,,,,,,,,,,,,,0.9201,1.029,0,0,0,0.0,0,2,0,False,0.0,0.5014,0.5014,65.0,166.5,216.0,151.0,0.0,1,1,2,1,floor_qi;clearing_observed(historical),1,1,-1
Grandi,P,Por,VEN,1,0.1,6.0,0.5,0.0,0.0,0.0,1,1.0,,,,,0.0,,,,,,,,,,,,,,0.9494,1.351,0,0,0,0.0,0,1,0,False,0.0,0.5014,0.5014,64.9,161.9,213.4,148.5,16.7,1,1,1,1,floor_qi,1,1,0
Siviero,P,Por,TOR,1,0.1,6.0,0.5,0.0,0.0,0.0,1,1.0,,,,,0.0,,,,,,,,,,,,,,0.9571,1.436,0,0,0,0.0,0,2,0,False,0.0,0.5014,0.5014,64.9,161.9,213.4,148.5,16.7,1,1,1,1,floor_qi,1,1,0
Hasa,C,C;T,FRO,2,0.5,6.0,0.5,0.0,0.0,0.0,5,1.0,,,,,0.0,,,,,,,,,,,,,,0.9827,1.718,0,0,0,0.0,0,2,23,False,0.0,0.5014,0.5014,65.0,166.5,216.0,151.0,0.0,2,5,5,2,floor_qi,5,2,0
Renzetti,P,Por,LAZ,1,0.1,6.0,0.5,0.0,0.0,0.0,1,1.0,,,,,0.0,,,,,,,,,,,,,,0.9953,1.856,0,0,0,0.0,0,2,0,False,0.0,0.5014,0.5014,64.9,161.9,213.4,148.5,16.7,1,1,1,1,floor_qi,1,1,0
Strajnar,P,Por,MON,1,0.1,6.0,0.5,0.0,0.0,0.0,1,,,,,,,,,,,,,,,,,,,,0.9337,1.178,0,0,0,0.0,0,2,0,False,0.0,0.5014,0.5014,64.9,161.9,213.4,148.5,16.7,1,1,1,1,floor_qi,1,1,0
Satalino,P,Por,SAS,1,0.1,6.0,0.5,0.0,0.0,0.0,1,7.0,,,,,0.0,,,,,,,,,,,,,,0.9714,1.594,0,0,0,0.0,0,1,0,False,0.0,0.5014,0.5014,64.9,161.9,213.4,148.5,16.7,1,1,1,1,floor_qi,1,1,0
De Martis,A,Pc,PAR,1,0.1,6.0,0.5,0.0,0.0,0.0,1,,,,,,,,,,,,,1.0,,0.395,,,,,0.9545,1.408,0,0,0,0.0,0,2,0,False,0.0,0.5014,0.5014,63.8,156.9,214.2,150.4,24.5,1,1,1,1,floor_qi,1,1,0
Gnonto,A,W;A,FIO,7,2.5,6.0,0.5,0.0,0.0,0.0,25,,,,,,,,,,,,,,,,,,,,1.0124,2.045,0,0,0,0.0,0,0,0,False,0.0,0.5013,0.5013,63.8,156.9,214.2,150.4,24.5,7,25,25,7,no_prior_data,25,7,0
Diawara S.,D,Ds;Dc,MIL,2,0.4,6.0,0.5,0.0,0.0,0.0,4,,,,,,,,,,,,,,,,,,,,1.0464,2.419,0,0,0,0.0,0,2,0,False,0.0,0.5011,0.5011,66.0,161.9,212.5,146.5,0.0,2,4,4,2,floor_qi;team_discount(MIL),4,2,0
Enem,A,Pc,BOL,2,0.4,6.0,0.5,0.0,0.0,0.0,4,,,,,,,,,,,,,,,,,,,,1.004,1.952,0,0,0,0.0,0,0,0,False,0.0,0.5011,0.5011,63.8,156.9,214.2,150.4,24.5,2,4,4,2,floor_qi,4,2,0
Braganca,C,C,TOR,6,2.0,6.0,0.5,0.0,0.0,0.0,20,,,,,,,,,,,,,,,,,,,,0.9571,1.436,0,0,0,0.0,0,0,0,False,0.0,0.501,0.501,65.0,166.5,216.0,151.0,0.0,6,20,20,6,no_prior_data,20,6,0
Massolin,C,C;T,CAG,4,1.2,6.0,0.5,0.0,0.0,0.0,12,,,,,,,,,,,,,,,,,,,,0.9604,1.472,0,0,0,0.0,0,0,0,False,0.0,0.501,0.501,65.0,166.5,216.0,151.0,0.0,4,12,12,4,no_prior_data,12,4,0
Cichella,C,M;C,FRO,4,1.2,6.0,0.5,0.0,0.0,0.0,12,,,,,,,,,,,,,,,,,,,,0.9827,1.718,0,0,0,0.0,1,1,67,True,0.5,0.501,0.501,76.6,168.0,217.8,141.2,1.5,4,12,2,1,no_prior_data;clearing_observed(historical),12,4,10
Frattesi,C,C;T,LAZ,10,7.5,6.0,0.5,0.0,0.0,0.0,75,7.0,5.997,6.352,4.36,4.68,2.76,1.0679,0.721,0.161,0.051,0.088,0.0,4.0,4.361,1.448,0.386,0.094,0.386,2.281,0.9953,1.856,122,11,0,0.474,1,1,126,True,0.5,0.5008,0.5391,67.6,156.8,232.6,165.0,0.0,10,75,32,16,thin_prior_sample_no_fade;clearing_observed(asta_xlsx),75,10,43
Soulè,A,A,ROM,13,4.8,6.0,0.5,0.0,0.0,0.0,48,1.0,6.12,6.83,6.12,6.83,0.0,,0.842,0.188,0.156,0.031,0.0,,,,,,,,1.0268,2.203,47,4,0,0.183,1,1,96,True,0.5,0.5007,0.5148,88.7,191.6,256.6,167.9,59.2,11,42,123,62,fade(0.88);clearing_observed(asta_xlsx),42,11,-81
Tiago Gabriel,D,Dc,LEC,8,2.0,6.0,0.5,0.0,0.0,0.0,20,2.0,6.083,6.09,6.125,6.13,0.125,,0.5,0.056,0.0,0.194,0.0,1.0,3.984,0.028,0.111,0.001,0.111,0.558,0.9201,1.029,0,0,0,0.0,1,1,61,True,0.5,0.5006,0.5006,97.4,176.3,214.7,117.3,14.4,7,18,10,5,fade(0.92);clearing_observed(historical),18,7,8
Monteiro J.,C,W;A,LEC,7,2.3,6.0,0.5,0.0,0.0,0.0,23,,,,,,,,,,,,,,,,,,,,0.9201,1.029,0,0,0,0.0,0,0,0,False,0.0,0.5006,0.5006,65.0,166.5,216.0,151.0,0.0,7,23,23,7,no_prior_data,23,7,0
Miranda J.,D,Ds;E,BOL,8,2.3,6.0,0.5,0.0,0.0,0.0,23,2.0,6.017,6.12,6.025,6.13,0.025,,0.789,0.017,0.15,0.167,0.0,2.0,0.586,5.723,0.023,0.213,0.023,0.65,1.004,1.952,25,4,0,0.097,1,1,90,True,0.5,0.5004,0.5078,110.1,179.9,214.3,104.2,18.0,7,20,8,4,fade(0.89);clearing_observed(asta_xlsx),20,7,12
Foe Ondoa,C,C,MON,2,0.2,6.0,0.5,0.0,0.0,0.0,2,,,,,,,,,,,,,,,,,,,,0.9337,1.178,0,0,0,0.0,2,0,144,True,1.0,0.5004,0.5004,76.6,180.3,220.3,143.7,13.8,2,2,2,2,floor_qi,2,2,0
Odenthal,D,Dc,SAS,3,0.8,6.0,0.5,0.0,0.0,0.0,8,1.0,,,,,0.0,,,,,,,,,,,,,,0.9714,1.594,2,2,0,0.008,1,1,90,True,0.5,0.5004,0.501,77.6,164.0,214.2,136.6,2.1,3,8,2,1,thin_prior_sample_no_fade;clearing_observed(historical),8,3,6
Oulai,C,M;C,FIO,6,1.8,6.0,0.5,0.0,0.0,0.0,18,,,,,,,,,,,,,,,,,,,,1.0124,2.045,0,0,0,0.0,1,1,99,True,0.5,0.5003,0.5003,76.6,168.0,217.8,141.2,1.5,6,18,5,3,no_prior_data;clearing_observed(historical),18,6,13
Zeballos,A,A,MON,6,1.8,6.0,0.5,0.0,0.0,0.0,18,,,,,,,,,,,,,,,,,,,,0.9337,1.178,0,0,0,0.0,0,0,0,False,0.0,0.5003,0.5003,63.8,156.9,214.2,150.4,24.5,6,18,18,6,no_prior_data,18,6,0
Drobnic,D,Dc,PAR,2,0.1,6.0,0.5,0.0,0.0,0.0,1,,,,,,,,,,,,,,,,,,,,0.9545,1.408,0,0,0,0.0,1,1,90,True,0.5,0.5001,0.5001,77.6,164.0,214.2,136.6,2.1,2,1,1,2,floor_qi,1,2,0
Romano,C,M;C,CAG,7,2.1,6.0,0.5,0.0,0.0,0.0,21,,,,,,,,,,,,,,,,,,,,0.9604,1.472,0,0,0,0.0,2,0,180,True,1.0,0.5,0.5,76.6,180.3,220.3,143.7,13.8,7,21,10,5,no_prior_data;clearing_observed(historical),21,7,11
Palmisani,P,Por,FRO,5,1.2,6.0,0.5,0.0,0.0,0.0,12,1.0,,,,,0.0,,,,,,,,,,,,,,0.9827,1.718,0,0,0,0.0,2,0,180,True,1.0,0.4997,0.4997,76.5,178.6,217.7,141.2,33.4,5,12,2,1,goalkeeper_no_fade;clearing_observed(historical),12,5,10
Patterson,D,Dd;E,TOR,5,1.2,6.0,0.5,0.0,0.0,0.0,12,,,,,,,,,,,,,,,,,,,,0.9571,1.436,0,0,0,0.0,0,0,0,False,0.0,0.4997,0.4997,66.0,161.9,212.5,146.5,0.0,5,12,12,5,no_prior_data,12,5,0
Pisseri,P,Por,FRO,1,0.1,6.0,0.5,0.0,0.0,0.0,1,,,,,,,,,,,,,,,,,,,,0.9827,1.718,6,3,0,0.023,0,2,0,False,0.0,0.4997,0.5014,64.9,161.9,213.4,148.5,16.7,1,1,1,1,floor_qi,1,1,0
Kessiè,C,C,ATA,12,4.7,6.0,0.5,0.0,0.0,0.0,47,,,,,,,,,,,,,,,,,,,,1.0354,2.298,8,2,0,0.031,0,0,0,False,0.0,0.4996,0.5019,68.1,166.5,216.2,148.1,0.0,12,47,47,12,no_prior_data,47,12,0
Mrozek,P,Por,UDI,1,0.1,6.0,0.5,0.0,0.0,0.0,1,,,,,,,,,,,,,,,,,,,,0.965,1.523,7,2,0,0.027,0,1,0,False,0.0,0.4994,0.5014,64.9,161.9,213.4,148.5,16.7,1,1,1,1,floor_qi,1,1,0
Sugawara,D,Dd;E,CAG,6,1.5,6.0,0.5,0.0,0.0,0.0,15,,,,,,,,,,,,,,,,,,,,0.9604,1.472,0,0,0,0.0,0,0,0,False,0.0,0.4993,0.4993,66.0,161.9,212.5,146.5,0.0,6,15,15,6,no_prior_data,15,6,0
Puczka,D,Ds;E,GEN,2,0.3,6.0,0.5,0.0,0.0,0.0,3,,,,,,,,,,,,,,,,,,,,0.9593,1.46,5,2,0,0.019,0,2,0,False,0.0,0.4993,0.5007,66.0,161.9,212.5,146.5,0.0,2,3,3,2,floor_qi,3,2,0
Alhassane,D,Ds;E,BOL,2,0.6,6.0,0.5,0.0,0.0,0.0,6,,,,,,,,,,,,,,,,,,,,1.004,1.952,11,2,0,0.043,0,0,0,False,0.0,0.4985,0.5017,66.0,161.9,212.5,146.5,0.0,2,6,6,2,floor_qi,6,2,0
Adorante,A,Pc,VEN,4,0.8,6.0,0.5,0.0,0.0,0.0,8,2.0,,,,,0.0,,,,,,,,,,,,,,0.9494,1.351,5,2,0,0.019,0,0,0,False,0.0,0.4983,0.4997,63.8,156.9,214.2,150.4,24.5,4,8,2,1,no_prior_data;clearing_observed(historical),8,4,6
Kofler,D,Dc,CAG,5,0.8,6.0,0.5,0.0,0.0,0.0,8,,,,,,,,,,,,,,,,,,,,0.9604,1.472,0,0,0,0.0,0,2,33,False,0.0,0.4983,0.4983,66.0,161.9,212.5,146.5,0.0,5,8,8,5,no_prior_data,8,5,0
Viery,D,Ds;Dc,FIO,6,1.2,6.0,0.5,0.0,0.0,0.0,12,,,,,,,,,,,,,,,,,,,,1.0124,2.045,0,0,0,0.0,0,2,29,False,0.0,0.4983,0.4983,66.0,161.9,212.5,146.5,0.0,6,12,5,3,no_prior_data;clearing_observed(historical),12,6,7
Beukema,D,Dc,NAP,6,1.2,6.0,0.5,0.0,0.0,0.0,12,3.0,5.945,6.063,5.96,6.04,0.042,-0.045,0.754,0.035,0.012,0.081,0.0,3.0,1.862,0.727,0.075,0.027,0.075,0.435,1.0241,2.173,36,5,0,0.14,0,2,0,False,0.0,0.4982,0.5089,57.3,157.6,211.6,154.3,0.0,5,10,21,10,thin_prior_sample_no_fade;team_discount(NAP);clearing_observed(asta_xlsx),10,5,-11
Bracaglia,D,Ds;Dc,FRO,7,1.5,6.0,0.5,0.0,0.0,0.0,15,,,,,,,,,,,,,,,,,,,,0.9827,1.718,0,0,0,0.0,2,0,150,True,1.0,0.498,0.498,77.6,178.6,217.6,140.0,16.7,7,15,2,1,no_prior_data;clearing_observed(historical),15,7,13
Brescianini,C,C;T,FIO,3,1.1,6.0,0.5,0.0,0.0,0.0,11,3.0,6.043,6.468,6.063,6.49,0.068,-0.06,0.667,0.132,0.053,0.053,0.0,3.0,2.98,1.534,0.184,0.096,0.184,1.339,1.0124,2.045,54,7,0,0.21,1,1,81,True,0.5,0.4979,0.5141,72.0,155.7,231.8,159.8,0.0,3,11,2,1,thin_prior_sample_no_fade;clearing_observed(historical),11,3,9
Piotrowski,C,M;C,UDI,6,1.5,6.0,0.5,0.0,0.0,0.0,15,1.0,5.88,5.95,5.88,5.95,0.0,,0.789,0.033,0.0,0.067,0.0,1.0,3.205,0.778,0.169,0.041,0.169,1.904,0.965,1.523,73,5,0,0.284,2,0,131,True,1.0,0.4978,0.52,77.9,162.6,218.1,140.2,0.0,6,16,2,1,fade(1.08);clearing_observed(historical),16,6,14
Amondarain,C,M;C,BOL,5,1.0,6.0,0.5,0.0,0.0,0.0,10,,,,,,,,,,,,,,,,,,,,1.004,1.952,4,2,0,0.016,0,2,29,False,0.0,0.4978,0.499,65.0,166.5,216.0,151.0,0.0,5,10,2,1,no_prior_data;clearing_observed(historical),10,5,8
Caleta-Car,D,Dc,SAS,6,1.5,6.0,0.5,0.0,0.0,0.0,15,,,,,,,,,,,,,,,,,,,,0.9714,1.594,6,2,0,0.023,0,0,0,False,0.0,0.4976,0.4993,66.0,161.9,212.5,146.5,0.0,6,15,15,6,no_prior_data,15,6,0
Cinquegrano,D,Dd;E,SAS,2,0.4,6.0,0.5,0.0,0.0,0.0,4,,,,,,,,,,,,,,,,,,,,0.9714,1.594,13,3,0,0.051,2,0,180,True,1.0,0.4973,0.5011,77.6,178.6,217.6,140.0,16.7,2,4,3,1,floor_qi;clearing_observed(historical),4,2,1
Cambiaso,D,Dd;Ds;E,JUV,8,1.8,6.0,0.5,0.0,0.0,0.0,18,5.0,5.935,6.118,5.962,6.114,0.091,-0.014,0.832,0.051,0.108,0.139,0.0,4.0,2.324,3.992,0.075,0.149,0.075,0.83,1.0076,1.992,72,8,0,0.28,0,2,31,False,0.0,0.4973,0.5191,69.1,171.8,215.0,145.9,9.9,7,17,53,26,fade(0.92);clearing_observed(asta_xlsx),17,7,-36
Unai Gomez,C,T,UDI,7,1.6,6.0,0.5,0.0,0.0,0.0,16,,,,,,,,,,,,,1.0,0.299,0.153,0.021,0.011,0.021,0.499,0.965,1.523,11,3,0,0.043,1,1,71,True,0.5,0.497,0.5002,76.6,168.3,217.5,140.9,1.8,7,16,3,1,no_prior_data;clearing_observed(historical),16,7,13
Osmajic,A,Pc,GEN,8,2.8,6.0,0.5,0.0,0.0,0.0,28,,,,,,,,,,,,,,,,,,,,0.9593,1.46,14,2,0,0.054,0,1,27,False,0.0,0.4969,0.501,63.8,156.9,214.2,150.4,24.5,8,28,28,8,no_prior_data,28,8,0
Mastantuono,C,W;T,FIO,11,5.0,6.0,0.5,0.0,0.0,0.0,50,,,,,,,,,,,,,1.0,0.883,0.43,0.138,0.067,0.138,0.469,1.0124,2.045,44,5,0,0.171,2,0,153,True,1.0,0.4969,0.51,76.6,179.1,219.7,143.1,12.6,11,50,54,27,no_prior_data;clearing_observed(historical),50,11,-4
Torriani,P,Por,MIL,1,0.1,6.0,0.5,0.0,0.0,0.0,1,2.0,,,,,0.0,,,,,,,1.0,0.709,0.062,,,,,1.0464,2.419,31,2,0,0.121,0,2,0,False,0.0,0.4968,0.506,64.9,161.9,213.4,148.5,16.7,1,1,1,1,floor_qi;team_discount(MIL);clearing_observed(asta_xlsx),1,1,0
Daffara,P,Por,PAR,6,0.7,6.0,0.5,0.0,0.0,0.0,7,,,,,,,,,,,,,,,,,,,,0.9545,1.408,0,0,0,0.0,0,2,0,False,0.0,0.4967,0.4967,64.9,161.9,213.4,148.5,16.7,6,7,2,1,goalkeeper_no_fade;clearing_observed(historical),7,6,5
Lucchesi,D,Dc,MON,3,1.1,6.0,0.5,0.0,0.0,0.0,11,1.0,,,,,0.0,,,,,,,,,,,,,,0.9337,1.178,18,3,0,0.07,2,0,149,True,1.0,0.4967,0.502,77.6,178.6,217.6,140.0,16.7,3,11,11,3,no_prior_data,11,3,0
Lontani,A,A,PAR,3,1.1,6.0,0.5,0.0,0.0,0.0,11,,,,,,,,,,,,,1.0,0.255,0.137,0.024,0.013,0.024,0.561,0.9545,1.408,24,2,0,0.093,2,0,137,True,1.0,0.4967,0.5037,75.4,176.6,218.5,143.1,44.2,3,11,5,3,no_prior_data;clearing_observed(historical),11,3,6
Dagasso,C,C,VEN,1,0.1,6.0,0.5,0.0,0.0,0.0,1,,,,,,,,,,,,,,,,,,,,0.9494,1.351,18,3,0,0.07,0,2,20,False,0.0,0.4961,0.5014,65.0,166.5,216.0,151.0,0.0,1,1,1,1,floor_qi,1,1,0
Amey,D,Dc,FRO,1,0.1,6.0,0.5,0.0,0.0,0.0,1,3.0,,,,,0.0,,,,,,,,,,,,,,0.9827,1.718,18,3,0,0.07,0,2,0,False,0.0,0.4961,0.5014,66.0,161.9,212.5,146.5,0.0,1,1,1,1,floor_qi,1,1,0
Gallo,D,Ds;E,LEC,6,1.2,6.0,0.5,0.0,0.0,0.0,12,5.0,5.895,5.878,4.7,4.658,2.351,1.187,0.875,0.0,0.068,0.083,0.0,4.0,0.657,3.523,0.021,0.119,0.021,0.337,0.9201,1.029,54,8,0,0.21,1,1,45,True,0.5,0.496,0.5121,69.8,157.1,218.4,148.6,0.0,6,11,4,2,fade(0.92);clearing_observed(asta_xlsx),11,6,7
Cutrone,A,Pc,MON,9,2.3,6.0,0.5,0.0,0.0,0.0,23,7.0,5.842,6.227,5.889,6.38,0.144,-0.0336,0.568,0.194,0.062,0.056,0.0,2.0,5.116,1.772,0.366,0.108,0.343,2.852,0.9337,1.178,36,3,0,0.14,1,1,110,True,0.5,0.4958,0.5064,73.5,154.7,231.1,157.6,22.3,9,23,3,1,thin_prior_sample_no_fade;clearing_observed(historical),23,9,20
Favasuli,D,Dd;Ds;E,NAP,4,1.1,6.0,0.5,0.0,0.0,0.0,11,,,,,,,,,,,,,,,,,,,,1.0241,2.173,17,2,0,0.066,0,2,0,False,0.0,0.4957,0.5007,66.0,161.9,212.5,146.5,0.0,3,9,5,2,no_prior_data;team_discount(NAP);clearing_observed(historical),9,3,4
Yeboah J.,A,A,VEN,9,2.7,6.0,0.5,0.0,0.0,0.0,27,1.0,5.91,5.98,5.91,5.98,0.0,,0.737,0.036,0.071,0.214,0.0,1.0,2.531,2.961,0.19,0.222,0.19,2.254,0.9494,1.351,52,8,0,0.202,2,0,170,True,1.0,0.4957,0.5112,97.4,169.2,219.1,121.7,36.8,9,27,8,4,no_prior_data;clearing_observed(historical),27,9,19
Ricci S.,C,M;C,COM,4,1.2,6.0,0.5,0.0,0.0,0.0,12,5.0,6.003,6.078,6.0,6.066,0.104,0.014,0.789,0.04,0.04,0.167,0.0,4.0,1.683,2.156,0.072,0.09,0.072,0.949,1.0068,1.982,68,7,0,0.264,0,1,0,False,0.0,0.4957,0.5161,67.2,166.6,214.6,147.4,0.1,4,12,5,3,fade(1.01);clearing_observed(historical),12,4,7
Russo A.,P,Por,SAS,1,0.1,6.0,0.5,0.0,0.0,0.0,1,2.0,,,,,0.0,,,,,,,,,,,,,,0.9714,1.594,21,2,0,0.082,0,0,0,False,0.0,0.4952,0.5014,64.9,161.9,213.4,148.5,16.7,1,1,1,1,floor_qi,1,1,0
Fabbian,C,C;T,PAR,4,0.8,6.0,0.5,0.0,0.0,0.0,8,3.0,5.968,6.328,6.04,6.463,0.179,-0.215,0.579,0.152,0.015,0.121,0.0,3.0,3.083,1.706,0.29,0.144,0.29,1.999,0.9545,1.408,18,2,0,0.07,0,1,0,False,0.0,0.4952,0.5005,49.3,129.3,223.7,174.4,0.0,4,8,1,1,thin_prior_sample_no_fade;clearing_observed(asta_xlsx),8,4,7
Marusic,D,Dd;Ds;E,LAZ,6,2.0,6.0,0.5,0.0,0.0,0.0,20,9.0,5.833,5.993,5.873,6.018,0.15,-0.019,0.798,0.055,0.048,0.103,0.0,4.0,1.727,1.106,0.046,0.036,0.046,0.514,0.9953,1.856,56,9,0,0.218,1,0,19,True,0.5,0.4948,0.5115,75.6,164.2,219.8,144.2,2.3,6,19,4,2,fade(0.93);clearing_observed(historical),19,6,15
Lahdo,C,C;T,COM,1,0.1,6.0,0.5,0.0,0.0,0.0,1,1.0,,,,,0.0,,,,,,,,,,,,,,1.0068,1.982,23,2,0,0.089,0,2,0,False,0.0,0.4947,0.5014,65.0,166.5,216.0,151.0,0.0,1,1,1,1,floor_qi,1,1,0
Luis Henrique,C,E;W,INT,5,1.2,6.0,0.5,0.0,0.0,0.0,12,1.0,5.89,6.06,5.89,6.06,0.0,,0.711,0.037,0.074,0.037,0.0,1.0,1.152,2.19,0.064,0.122,0.064,0.835,1.1,3.009,16,2,0,0.062,1,1,96,True,0.5,0.4946,0.4992,73.5,167.5,219.5,146.0,1.0,5,13,2,1,fade(1.05);clearing_observed(historical),13,5,11
Ellertsson,C,E;C,GEN,6,1.6,6.0,0.5,0.0,0.0,0.0,16,3.0,5.89,5.975,5.883,5.94,0.091,0.02,0.658,0.043,0.043,0.043,0.0,3.0,1.554,1.561,0.061,0.078,0.061,0.815,0.9593,1.46,8,2,0,0.031,2,0,180,True,1.0,0.4939,0.4962,79.4,184.2,223.6,144.2,17.7,7,17,3,2,fade(1.09);clearing_observed(historical),17,7,14
Wesley,D,E,ROM,18,8.7,6.0,0.5,0.0,0.0,0.0,87,1.0,6.12,6.47,6.12,6.47,0.0,,0.789,0.167,0.0,0.167,0.0,1.0,2.484,5.352,0.09,0.195,0.09,0.909,1.0268,2.203,122,12,0,0.474,2,0,150,True,1.0,0.4937,0.5315,85.5,158.0,231.1,145.6,0.0,14,68,45,22,fade(0.78);clearing_observed(asta_xlsx),68,14,23
Keita M.,C,M;C,PAR,5,1.5,6.0,0.5,0.0,0.0,0.0,15,2.0,5.917,5.927,5.87,5.86,0.14,,0.842,0.016,0.031,0.078,0.0,1.0,1.875,0.209,0.262,0.029,0.262,1.957,0.9545,1.408,86,5,0,0.334,2,0,165,True,1.0,0.4937,0.5197,82.1,157.6,220.4,138.3,0.0,5,16,3,1,fade(1.05);clearing_observed(historical),16,5,13
Busio,C,M;C,VEN,5,1.4,6.0,0.5,0.0,0.0,0.0,14,2.0,5.893,5.98,5.89,5.955,0.01,,0.776,0.051,0.017,0.203,0.0,1.0,2.855,1.615,0.101,0.057,0.101,1.277,0.9494,1.351,83,3,0,0.323,2,0,180,True,1.0,0.4928,0.5179,103.0,179.6,218.8,115.8,13.1,5,14,10,5,no_prior_data;clearing_observed(historical),14,5,4
Meichtry,C,W;T,GEN,5,1.1,6.0,0.5,0.0,0.0,0.0,11,,,,,,,,,,,,,,,,,,,,0.9593,1.46,24,4,0,0.093,0,2,28,False,0.0,0.4923,0.4993,65.0,166.5,216.0,151.0,0.0,5,11,11,5,no_prior_data,11,5,0
Britschgi,D,Dd;Ds;E,PAR,3,1.0,6.0,0.5,0.0,0.0,0.0,10,1.0,5.75,5.7,5.75,5.7,0.0,,0.737,0.0,0.071,0.179,0.0,1.0,0.41,2.035,0.018,0.087,0.018,0.556,0.9545,1.408,7,2,0,0.027,1,0,84,True,0.5,0.4923,0.4943,68.1,158.6,209.5,141.4,0.0,3,10,2,1,fade(1.02);clearing_observed(historical),10,3,8
Maignan,P,Por,MIL,15,5.2,6.0,0.5,0.0,0.0,0.0,52,5.0,6.198,5.233,6.184,5.276,0.08,-0.0,0.826,0.0,0.013,0.045,0.0,4.0,,0.183,0.0,0.006,0.0,0.0,1.0464,2.419,75,12,0,0.292,2,0,180,True,1.0,0.4919,0.5144,67.4,155.4,194.9,127.5,10.2,14,47,120,60,goalkeeper_no_fade;team_discount(MIL);clearing_observed(asta_xlsx),47,14,-73
Comotto,C,M;C,MIL,1,0.1,6.0,0.5,0.0,0.0,0.0,1,,,,,,,,,,,,,,,,,,,,1.0464,2.419,39,2,0,0.152,0,2,0,False,0.0,0.49,0.5014,65.0,166.5,216.0,151.0,0.0,1,1,1,1,floor_qi;team_discount(MIL),1,1,0
Koulierakis,D,Dc,ROM,8,1.5,6.0,0.5,0.0,0.0,0.0,15,,,,,,,,,,,,,,,,,,,,1.0268,2.203,23,8,0,0.089,0,2,22,False,0.0,0.49,0.4966,66.0,161.9,212.5,146.5,0.0,8,15,7,4,no_prior_data;clearing_observed(historical),15,8,8
Ranieri L.,D,Ds;Dc,FIO,3,1.0,6.0,0.5,0.0,0.0,0.0,10,6.0,5.875,5.862,5.847,5.773,0.227,0.0577,0.57,0.042,0.025,0.319,0.0,4.0,1.739,0.83,0.055,0.037,0.055,0.442,1.0124,2.045,0,0,0,0.0,1,1,90,True,0.5,0.4897,0.4897,97.9,163.3,212.9,115.0,1.4,3,10,5,2,fade(0.99);clearing_observed(asta_xlsx),10,3,5
Perri,P,Por,TOR,9,2.6,6.0,0.5,0.0,0.0,0.0,26,,,,,,,,,,,,,,,,,,,,0.9571,1.436,32,2,0,0.124,0,0,0,False,0.0,0.4896,0.4989,64.9,161.9,213.4,148.5,16.7,9,26,26,9,goalkeeper_no_fade,26,9,0
Halhal,D,Dc,VEN,3,1.0,6.0,0.5,0.0,0.0,0.0,10,,,,,,,,,,,,,,,,,,,,0.9494,1.351,42,3,0,0.163,0,2,46,False,0.0,0.4894,0.5017,66.0,163.6,211.9,145.9,1.7,3,10,10,3,no_prior_data,10,3,0
Valdepenas,D,Ds;Dc,FIO,5,1.6,6.0,0.5,0.0,0.0,0.0,16,,,,,,,,,,,,,,,,,,,,1.0124,2.045,41,3,0,0.159,1,1,100,True,0.5,0.4891,0.501,77.6,164.6,214.0,136.4,2.7,5,16,16,8,no_prior_data;clearing_observed(historical),16,5,0
Caprile,P,Por,CAG,10,2.5,6.0,0.5,0.0,0.0,0.0,25,3.0,6.255,5.025,6.25,5.083,0.037,0.015,0.728,0.0,0.0,0.024,0.0,3.0,,0.106,0.0,0.004,0.0,0.0,0.9604,1.472,51,4,0,0.198,2,0,180,True,1.0,0.4888,0.5038,68.0,157.1,191.2,123.2,11.9,10,25,14,7,goalkeeper_no_fade;clearing_observed(asta_xlsx),25,10,11
Akpoguma,D,Dc,FRO,3,0.6,6.0,0.5,0.0,0.0,0.0,6,,,,,,,,,,,,,,,,,,,,0.9827,1.718,40,3,0,0.156,0,2,0,False,0.0,0.4887,0.5004,66.0,163.6,211.9,145.9,1.7,3,6,2,1,no_prior_data;clearing_observed(historical),6,3,4
Mout,C,C,MON,1,1.2,6.0,0.5,0.0,0.0,0.0,12,,,,,,,,,,,,,,,,,,,,0.9337,1.178,56,2,0,0.218,2,0,124,True,1.0,0.4886,0.5051,76.6,168.0,218.4,141.8,1.5,1,12,12,1,floor_qi,12,1,0
Grabara,P,Por,JUV,1,0.1,6.0,0.5,0.0,0.0,0.0,1,,,,,,,,,,,,,,,,,,,,1.0076,1.992,44,6,0,0.171,0,1,0,False,0.0,0.4885,0.5014,64.9,163.6,212.9,148.0,18.4,1,1,4,2,floor_qi;clearing_observed(historical),1,1,-3
Sohm,C,C,VEN,5,1.1,6.0,0.5,0.0,0.0,0.0,11,3.0,5.777,5.862,5.777,5.89,0.179,,0.684,0.064,0.013,0.141,0.0,2.0,1.979,2.338,0.104,0.094,0.104,0.867,0.9494,1.351,31,5,0,0.121,0,2,25,False,0.0,0.4885,0.4975,53.2,133.0,218.7,165.5,0.0,5,11,6,3,thin_prior_sample_no_fade;clearing_observed(asta_xlsx),11,5,5
Comert,D,Dc,TOR,4,1.2,6.0,0.5,0.0,0.0,0.0,12,,,,,,,,,,,,,,,,,,,,0.9571,1.436,45,3,0,0.175,1,0,67,True,0.5,0.4878,0.501,72.5,164.6,214.0,141.5,2.7,4,12,3,2,no_prior_data;clearing_observed(historical),12,4,9
Zaccagni,C,W;A,LAZ,16,8.7,6.0,0.5,0.0,0.0,0.0,87,9.0,6.072,6.445,6.118,6.52,0.349,0.0402,0.661,0.181,0.122,0.226,0.023,4.0,6.406,3.979,0.252,0.148,0.224,1.681,0.9953,1.856,234,18,0,0.7,2,0,180,True,1.0,0.4873,0.5445,99.4,166.0,237.0,137.6,0.0,17,93,175,88,fade(1.07);clearing_observed(asta_xlsx),93,17,-82
Zappacosta,D,Dd;E,ATA,8,1.9,6.0,0.5,0.0,0.0,0.0,19,10.0,6.01,6.293,5.955,6.198,0.199,0.0248,0.616,0.089,0.076,0.125,0.0,4.0,3.143,2.828,0.118,0.126,0.118,1.537,1.0354,2.298,60,10,0,0.233,2,0,180,True,1.0,0.4869,0.5045,86.3,175.8,225.3,139.0,13.9,7,16,12,6,fade(0.83);clearing_observed(historical),16,7,4
Moro N.,C,M;C,BOL,4,1.4,6.0,0.5,0.0,0.0,0.0,14,4.0,5.97,6.105,6.0,6.165,0.043,-0.036,0.566,0.047,0.058,0.035,0.0,1.0,0.833,0.261,,,,,1.004,1.952,0,0,0,0.0,0,2,10,False,0.0,0.4866,0.4866,36.8,115.4,204.8,168.0,0.0,4,14,2,1,fade(1.03);clearing_observed(historical),14,4,12
Berardi,A,A,SAS,19,10.6,6.0,0.5,0.0,0.0,0.0,106,10.0,6.428,7.632,6.33,7.399,0.321,0.0625,0.724,0.36,0.204,0.225,0.135,3.0,7.442,5.008,0.413,0.253,0.207,2.934,0.9714,1.594,325,9,1,1.0,0,1,18,False,0.0,0.4866,0.5725,111.5,193.9,244.3,132.8,61.5,16,87,108,54,fade(0.82);clearing_observed(asta_xlsx),87,16,-21
Hutchinson,C,W;A,MIL,8,2.5,6.0,0.5,0.0,0.0,0.0,25,,,,,,,,,,,,,,,,,,,,1.0464,2.419,47,5,0,0.183,0,0,0,False,0.0,0.4863,0.5,65.0,168.2,215.4,150.4,1.7,7,22,22,7,no_prior_data;team_discount(MIL),22,7,0
Gudmundsson A.,C,T;A,LAZ,12,4.0,6.0,0.5,0.0,0.0,0.0,40,4.0,6.058,6.77,6.037,6.695,0.294,0.025,0.651,0.263,0.081,0.131,0.091,3.0,6.281,3.707,0.289,0.151,0.186,1.689,0.9953,1.856,147,14,0,0.572,1,1,71,True,0.5,0.4862,0.5318,72.6,175.4,248.6,176.0,8.9,12,39,145,72,fade(0.97);clearing_observed(asta_xlsx),39,12,-106
Bastoni,D,Dc,INT,14,4.3,6.0,0.5,0.0,0.0,0.0,43,10.0,6.293,6.428,6.173,6.238,0.136,0.0232,0.611,0.031,0.075,0.163,0.0,4.0,1.269,3.497,0.047,0.137,0.047,0.557,1.1,3.009,57,7,0,0.222,2,0,180,True,1.0,0.4849,0.5016,114.8,184.3,230.6,115.8,22.4,11,35,61,30,fade(0.82);clearing_observed(asta_xlsx),35,11,-26
Geubbels,A,Pc,LEC,8,2.3,6.0,0.5,0.0,0.0,0.0,23,,,,,,,,,,,,,,,,,,,,0.9201,1.029,52,6,0,0.202,2,0,128,True,1.0,0.4842,0.4993,75.4,158.5,216.6,141.2,26.1,8,23,8,4,no_prior_data;clearing_observed(historical),23,8,15
Dybala,A,A,ROM,16,10.0,6.0,0.5,0.0,0.0,0.0,100,11.0,6.37,7.23,6.401,7.646,0.211,-0.0014,0.703,0.391,0.207,0.075,0.102,4.0,7.3,6.327,0.464,0.347,0.297,2.975,1.0268,2.203,347,18,1,1.0,2,0,163,True,1.0,0.484,0.5694,108.0,178.6,262.4,154.4,46.2,16,100,100,50,thin_prior_sample_no_fade;clearing_observed(asta_xlsx),100,16,0
Heggem,D,Ds;Dc,BOL,6,1.5,6.0,0.5,0.0,0.0,0.0,15,1.0,5.84,5.8,5.84,5.8,0.0,,0.658,0.0,0.0,0.0,0.0,1.0,1.015,0.051,0.043,0.002,0.043,0.469,1.004,1.952,24,3,0,0.093,2,0,180,True,1.0,0.4838,0.4906,60.5,161.0,211.8,151.3,0.0,6,15,1,1,fade(0.98);clearing_observed(asta_xlsx),15,6,14
Di Lorenzo,D,Dd;E,NAP,12,3.9,6.0,0.5,0.0,0.0,0.0,39,8.0,6.102,6.32,6.08,6.321,0.115,0.0245,0.905,0.076,0.091,0.153,0.0,4.0,2.678,4.399,0.084,0.131,0.084,0.848,1.0241,2.173,92,4,1,0.658,2,0,180,True,1.0,0.4835,0.5365,73.1,170.6,228.7,155.6,8.7,8,27,51,26,fade(0.82);team_discount(NAP);clearing_observed(asta_xlsx),27,8,-24
Biraghi,D,B;Ds;E,TOR,2,0.5,6.0,0.5,0.0,0.0,0.0,5,11.0,5.732,5.767,5.314,5.423,1.687,0.2732,0.768,0.051,0.116,0.171,0.007,4.0,0.5,3.439,0.053,0.176,0.033,0.756,0.9571,1.436,48,9,0,0.187,0,1,0,False,0.0,0.4833,0.4972,63.9,164.1,210.0,146.1,2.2,2,5,18,9,floor_qi;clearing_observed(asta_xlsx),5,2,-13
Couto,D,Dd;E,COM,8,2.5,6.0,0.5,0.0,0.0,0.0,25,,,,,,,,,,,,,,,,,,,,1.0068,1.982,58,8,0,0.226,2,0,147,True,1.0,0.483,0.5,77.6,163.5,214.9,137.3,1.6,8,25,13,7,no_prior_data;clearing_observed(historical),25,8,12
Santos A.,A,W;A,NAP,14,6.1,6.0,0.5,0.0,0.0,0.0,61,1.0,6.35,7.23,6.35,7.23,0.0,,0.342,0.308,0.0,0.077,0.0,1.0,1.511,1.612,0.163,0.174,0.163,3.122,1.0241,2.173,0,0,0,0.0,1,1,100,True,0.5,0.4828,0.4828,118.3,167.1,261.7,143.4,34.7,12,52,58,29,thin_prior_sample_no_fade;team_discount(NAP);clearing_observed(historical),52,12,-6
Bernardeschi,C,W;T,BOL,10,2.7,6.0,0.5,0.0,0.0,0.0,27,8.0,5.947,6.258,5.969,6.349,0.236,-0.0427,0.664,0.124,0.104,0.183,0.02,1.0,3.179,3.57,0.239,0.268,0.182,2.93,1.004,1.952,84,5,0,0.327,1,1,120,True,0.5,0.4827,0.5076,71.2,172.3,227.5,156.3,5.8,10,27,1,1,thin_prior_sample_no_fade;clearing_observed(asta_xlsx),27,10,26
Moreira,C,E;W,MIL,11,4.5,6.0,0.5,0.0,0.0,0.0,45,,,,,,,,,,,,,,,,,,,,1.0464,2.419,70,7,0,0.272,0,2,0,False,0.0,0.4821,0.5026,67.5,166.5,216.0,148.5,0.0,10,40,26,13,no_prior_data;team_discount(MIL);clearing_observed(historical),40,10,14
Lauberbach,A,Pc,VEN,1,0.1,6.0,0.5,0.0,0.0,0.0,1,,,,,,,,,,,,,,,,,,,,0.9494,1.351,66,5,0,0.257,0,2,10,False,0.0,0.4821,0.5014,63.8,138.6,213.7,149.9,6.2,1,1,1,1,floor_qi,1,1,0
Romagnoli,D,Dc,LAZ,6,2.0,6.0,0.5,0.0,0.0,0.0,20,11.0,5.955,5.897,6.029,6.017,0.12,-0.0041,0.766,0.037,0.006,0.197,0.0,4.0,2.095,0.352,0.056,0.012,0.056,0.447,0.9953,1.856,111,12,0,0.432,0,2,0,False,0.0,0.4813,0.5147,61.9,141.0,209.3,147.4,0.0,6,19,4,2,fade(0.94);clearing_observed(historical),19,6,15
Troilo,D,Dc,PAR,3,1.4,6.0,0.5,0.0,0.0,0.0,14,1.0,5.79,5.71,5.79,5.71,0.0,,0.553,0.048,0.0,0.238,0.0,1.0,0.977,0.657,0.054,0.036,0.054,0.497,0.9545,1.408,0,0,0,0.0,2,0,175,True,1.0,0.4813,0.4813,88.8,168.8,213.1,124.3,6.9,3,14,3,2,thin_prior_sample_no_fade;clearing_observed(historical),14,3,11
Noslin,A,A,LAZ,6,0.8,6.0,0.5,0.0,0.0,0.0,8,3.0,6.068,6.608,6.123,6.76,0.16,-0.165,0.518,0.186,0.136,0.136,0.0,3.0,3.651,1.953,0.288,0.159,0.288,2.446,0.9953,1.856,60,6,0,0.233,0,2,11,False,0.0,0.4811,0.4985,50.5,144.2,232.2,181.7,11.8,6,8,2,1,thin_prior_sample_no_fade;clearing_observed(historical),8,6,6
Ghilardi,D,Dc,ROM,5,1.0,6.0,0.5,0.0,0.0,0.0,10,2.0,5.897,5.813,5.855,5.745,0.125,,0.592,0.0,0.0,0.178,0.0,2.0,0.552,0.304,0.032,0.018,0.032,0.436,1.0268,2.203,4,2,0,0.016,1,1,90,True,0.5,0.4811,0.4823,74.7,163.7,209.4,134.7,1.8,5,10,2,1,thin_prior_sample_no_fade;clearing_observed(historical),10,5,8
Vlasic,C,T,TOR,13,7.3,6.0,0.5,0.0,0.0,0.0,73,4.0,6.042,6.603,6.085,6.612,0.08,-0.052,0.882,0.157,0.104,0.082,0.052,4.0,5.368,3.725,0.169,0.127,0.124,1.523,0.9571,1.436,163,9,1,0.934,2,0,180,True,1.0,0.481,0.5594,71.0,182.5,245.8,174.8,16.0,12,65,42,21,fade(0.89);clearing_observed(asta_xlsx),65,12,23
Caqueret,C,C;T,COM,6,1.7,6.0,0.5,0.0,0.0,0.0,17,2.0,6.187,6.533,6.225,6.595,0.115,,0.579,0.091,0.159,0.159,0.0,2.0,1.415,2.444,0.087,0.169,0.087,0.899,1.0068,1.982,63,3,0,0.245,0,2,33,False,0.0,0.4793,0.4976,68.8,142.8,220.5,151.7,0.0,6,16,2,1,fade(0.95);clearing_observed(historical),16,6,14
Veiga D.,D,Dd;E,LEC,6,1.2,6.0,0.5,0.0,0.0,0.0,12,2.0,5.79,5.703,5.775,5.71,0.045,,0.618,0.0,0.0,0.191,0.0,2.0,0.413,0.881,0.026,0.047,0.026,0.295,0.9201,1.029,4,2,0,0.016,2,0,180,True,1.0,0.4786,0.4798,67.5,171.5,211.9,144.4,9.6,6,12,3,2,fade(1.02);clearing_observed(historical),12,6,9
Grillitsch,C,M;C,FRO,4,1.0,6.0,0.5,0.0,0.0,0.0,10,,,,,,,,,,,,,,,,,,,,0.9827,1.718,77,10,0,0.299,0,2,8,False,0.0,0.478,0.5004,65.0,146.3,215.4,150.4,0.0,4,10,2,1,no_prior_data;clearing_observed(historical),10,4,8
Adams A.,A,Pc,VEN,11,3.5,6.0,0.5,0.0,0.0,0.0,35,2.0,5.987,6.68,5.99,6.7,0.01,,0.882,0.224,0.104,0.045,0.0,2.0,7.577,2.696,0.319,0.107,0.304,2.315,0.9494,1.351,179,8,1,0.996,2,0,180,True,1.0,0.4779,0.5618,65.9,182.8,248.0,182.1,50.4,11,35,13,6,no_prior_data;clearing_observed(historical),35,11,22
Mbangula,C,W;A,BOL,8,2.8,6.0,0.5,0.0,0.0,0.0,28,1.0,6.33,7.13,6.33,7.13,0.0,,0.395,0.2,0.2,0.067,0.0,1.0,0.457,1.754,0.06,0.23,0.06,1.179,1.004,1.952,0,0,0,0.0,0,0,0,False,0.0,0.4779,0.4779,59.9,178.3,217.5,157.6,11.8,8,28,28,8,no_prior_data,28,8,0
Zortea,D,Dd;E,BOL,7,1.9,6.0,0.5,0.0,0.0,0.0,19,5.0,5.98,6.25,5.974,6.236,0.138,0.023,0.632,0.083,0.1,0.142,0.0,4.0,1.275,2.887,0.056,0.154,0.056,0.851,1.004,1.952,58,5,0,0.226,1,1,87,True,0.5,0.4776,0.4944,80.5,168.2,224.0,143.5,6.3,7,18,29,14,fade(0.95);clearing_observed(asta_xlsx),18,7,-11
Pellegrino M.,A,Pc,FIO,14,4.0,6.0,0.5,0.0,0.0,0.0,40,2.0,6.04,6.72,6.065,6.755,0.075,,0.632,0.25,0.0,0.146,0.021,1.0,0.113,0.083,0.017,0.012,0.017,0.443,1.0124,2.045,34,3,0,0.132,2,0,180,True,1.0,0.4769,0.4865,84.2,198.1,257.6,173.4,65.7,13,36,140,70,fade(0.91);clearing_observed(asta_xlsx),36,13,-104
Zielinski,C,C,INT,12,4.5,6.0,0.5,0.0,0.0,0.0,45,11.0,6.108,6.562,6.165,6.642,0.145,-0.0136,0.864,0.139,0.119,0.089,0.011,4.0,2.41,4.323,0.129,0.213,0.091,1.591,1.1,3.009,203,12,0,0.7,1,1,108,True,0.5,0.4767,0.5326,65.6,193.6,233.8,168.2,27.1,10,38,40,20,fade(0.85);clearing_observed(historical),38,10,-2
Fadera,C,W,CAG,2,1.2,6.0,0.5,0.0,0.0,0.0,12,2.0,5.947,6.163,5.96,6.17,0.04,,0.632,0.062,0.083,0.125,0.0,2.0,2.174,2.117,0.143,0.146,0.143,1.413,0.9604,1.472,92,5,0,0.358,0,2,33,False,0.0,0.4765,0.5035,49.0,138.1,208.8,159.8,0.0,2,12,1,1,floor_qi;clearing_observed(asta_xlsx),12,2,11
De Roon,C,M;C,ROM,4,1.0,6.0,0.5,0.0,0.0,0.0,10,10.0,6.03,6.172,6.014,6.112,0.069,0.0069,0.882,0.06,0.063,0.23,0.006,4.0,0.935,1.938,0.031,0.061,0.031,0.515,1.0268,2.203,72,4,1,0.58,0,1,12,False,0.0,0.476,0.5214,77.2,164.3,216.0,138.8,0.0,4,11,1,1,fade(1.06);clearing_observed(asta_xlsx),11,4,10
Koopmeiners,C,C;T,JUV,7,1.5,6.0,0.5,0.0,0.0,0.0,15,5.0,5.88,6.16,6.136,6.646,0.289,-0.17,0.8,0.191,0.099,0.158,0.026,4.0,3.608,4.172,0.209,0.161,0.165,1.771,1.0076,1.992,153,8,0,0.595,0,2,20,False,0.0,0.4759,0.5225,61.5,164.9,220.2,158.7,0.0,8,18,75,38,fade(1.20);clearing_observed(asta_xlsx),18,8,-57
Musah,C,C;W,MIL,3,1.5,6.0,0.5,0.0,0.0,0.0,15,3.0,5.853,5.912,5.85,5.873,0.113,0.01,0.588,0.015,0.045,0.164,0.0,3.0,1.348,1.428,0.099,0.106,0.099,1.068,1.0464,2.419,49,6,0,0.191,2,0,180,True,1.0,0.4759,0.4899,91.0,177.3,221.8,130.8,10.8,3,14,2,1,thin_prior_sample_no_fade;team_discount(MIL);clearing_observed(historical),14,3,12
Ekhator,A,A,JUV,3,1.0,6.0,0.5,0.0,0.0,0.0,10,2.0,5.93,6.22,5.915,6.19,0.045,,0.526,0.1,0.025,0.1,0.0,2.0,2.568,1.122,0.245,0.122,0.245,1.629,1.0076,1.992,57,5,0,0.222,0,1,0,False,0.0,0.4759,0.4923,44.4,123.3,220.4,176.0,0.0,3,10,10,3,fade(0.97),10,3,0
Kabasele,D,Dc,UDI,4,1.2,6.0,0.5,0.0,0.0,0.0,12,3.0,5.895,6.13,5.857,6.067,0.095,0.115,0.474,0.114,0.0,0.114,0.0,3.0,1.747,0.339,0.102,0.021,0.102,0.629,0.965,1.523,14,2,0,0.054,0,0,0,False,0.0,0.4757,0.4796,38.8,119.8,208.7,169.9,0.0,3,10,6,3,fade(0.86);clearing_observed(historical),10,3,4
Kamara H.,D,Ds;E,UDI,9,1.2,6.0,0.5,0.0,0.0,0.0,12,3.0,5.927,5.962,5.957,6.0,0.076,-0.09,0.763,0.023,0.069,0.172,0.0,3.0,1.117,2.894,0.061,0.126,0.061,0.858,0.965,1.523,85,8,0,0.331,2,0,180,True,1.0,0.4755,0.5003,94.5,167.1,214.4,119.9,5.2,9,12,9,4,fade(0.96);clearing_observed(historical),12,9,3
Ndour,C,C,FIO,7,2.2,6.0,0.5,0.0,0.0,0.0,22,2.0,5.77,5.927,5.755,5.855,0.045,,0.487,0.1,0.0,0.067,0.0,2.0,1.792,0.174,0.109,0.014,0.109,1.109,1.0124,2.045,3,2,0,0.012,2,0,152,True,1.0,0.4753,0.4762,77.6,169.4,222.3,144.7,2.9,7,23,8,4,fade(1.04);clearing_observed(historical),23,7,15
Mitaj,D,Ds;E,GEN,4,1.0,6.0,0.5,0.0,0.0,0.0,10,,,,,,,,,,,,,,,,,,,,0.9593,1.46,87,6,0,0.338,0,2,0,False,0.0,0.475,0.5004,66.0,141.7,211.9,145.9,0.0,4,10,4,2,no_prior_data;clearing_observed(historical),10,4,6
Tchato,D,Dd;E,FRO,3,0.8,6.0,0.5,0.0,0.0,0.0,8,,,,,,,,,,,,,,,,,,,,0.9827,1.718,89,4,0,0.346,0,0,0,False,0.0,0.475,0.501,66.0,141.7,211.9,145.9,0.0,3,8,8,3,no_prior_data,8,3,0
Montipò,P,Por,VEN,1,0.1,6.0,0.5,0.0,0.0,0.0,1,1.0,6.2,4.94,6.2,4.94,0.0,,0.921,0.0,0.029,0.0,0.0,4.0,,0.058,0.0,0.002,0.0,0.0,0.9494,1.351,91,4,1,0.654,0,2,0,False,0.0,0.4748,0.5264,37.5,153.0,190.8,153.3,7.8,1,1,2,1,floor_qi;clearing_observed(historical),1,1,-1
Masini,C,M;C,FRO,3,0.8,6.0,0.5,0.0,0.0,0.0,8,2.0,6.007,5.99,6.02,6.035,0.04,,0.513,0.026,0.026,0.179,0.0,2.0,1.499,0.746,0.076,0.046,0.076,0.805,0.9827,1.718,41,4,0,0.159,1,1,121,True,0.5,0.4744,0.486,102.2,171.0,216.2,114.0,4.5,3,8,8,3,thin_prior_sample_no_fade,8,3,0
Perrone,C,M;C,COM,10,3.4,6.0,0.5,0.0,0.0,0.0,34,2.0,6.127,6.293,6.08,6.205,0.14,,0.803,0.049,0.115,0.23,0.0,2.0,1.973,2.248,0.067,0.087,0.067,0.545,1.0068,1.982,82,4,1,0.619,1,1,69,True,0.5,0.4744,0.523,82.2,182.0,227.1,144.9,15.5,9,32,26,13,fade(0.93);clearing_observed(historical),32,9,6
Birindelli,D,Dd;Ds;E,MON,4,1.2,6.0,0.5,0.0,0.0,0.0,12,3.0,5.947,6.1,5.927,6.003,0.071,0.06,0.719,0.037,0.024,0.207,0.0,3.0,1.532,2.015,0.078,0.111,0.078,0.994,0.9337,1.178,107,6,0,0.416,2,0,174,True,1.0,0.4742,0.5058,100.1,165.7,211.7,111.6,3.8,4,12,4,2,no_prior_data;clearing_observed(historical),12,4,8
Taylor K.,C,C;T,LAZ,13,5.3,6.0,0.5,0.0,0.0,0.0,53,1.0,6.06,6.56,6.06,6.56,0.0,,0.447,0.176,0.118,0.294,0.0,1.0,2.089,1.084,0.133,0.069,0.133,1.016,0.9953,1.856,44,6,0,0.171,2,0,180,True,1.0,0.4737,0.4862,96.1,202.0,222.8,126.7,35.5,13,53,27,14,thin_prior_sample_no_fade;clearing_observed(historical),53,13,26
Elmas,C,W;T,ATA,7,2.2,6.0,0.5,0.0,0.0,0.0,22,7.0,5.94,6.42,6.004,6.419,0.122,-0.005,0.586,0.116,0.082,0.136,0.007,4.0,2.372,1.272,0.181,0.097,0.167,1.613,1.0354,2.298,78,6,0,0.303,0,2,42,False,0.0,0.4737,0.4963,47.0,134.7,223.2,176.2,0.0,8,24,3,2,fade(1.07);clearing_observed(asta_xlsx),24,8,21
Celik,D,B;Dd;E,JUV,8,1.6,6.0,0.5,0.0,0.0,0.0,16,4.0,5.998,6.038,5.92,5.902,0.153,0.094,0.625,0.011,0.053,0.137,0.0,4.0,1.111,1.733,0.036,0.087,0.036,0.529,1.0076,1.992,60,10,0,0.233,2,0,159,True,1.0,0.4737,0.4909,80.8,174.2,215.1,134.3,12.3,7,13,17,9,fade(0.84);clearing_observed(historical),13,7,-4
Akanji,D,Dc,INT,15,4.7,6.0,0.5,0.0,0.0,0.0,47,1.0,6.28,6.41,6.28,6.41,0.0,,0.842,0.062,0.0,0.125,0.0,1.0,2.299,0.326,0.074,0.01,0.074,0.736,1.1,3.009,112,6,1,0.736,2,0,143,True,1.0,0.4734,0.5322,78.6,164.4,229.0,150.4,2.5,12,38,15,8,fade(0.80);clearing_observed(asta_xlsx),38,12,23
Gatti,D,Dc,JUV,4,1.0,6.0,0.5,0.0,0.0,0.0,10,4.0,6.012,6.198,5.998,6.087,0.083,0.017,0.605,0.076,0.0,0.174,0.0,4.0,2.913,0.964,0.138,0.047,0.138,1.06,1.0076,1.992,108,8,0,0.42,0,1,0,False,0.0,0.4726,0.5044,46.1,121.9,200.5,154.4,0.0,4,10,18,9,thin_prior_sample_no_fade;clearing_observed(asta_xlsx),10,4,-8
Casadei,C,C;T,TOR,9,2.7,6.0,0.5,0.0,0.0,0.0,27,3.0,4.995,5.315,4.0,4.24,2.829,2.985,0.618,0.149,0.021,0.128,0.0,2.0,3.518,1.1,0.177,0.066,0.177,1.47,0.9571,1.436,3,2,0,0.012,1,0,70,True,0.5,0.4724,0.4733,68.8,141.5,206.4,137.6,0.0,8,25,40,20,fade(0.94);clearing_observed(asta_xlsx),25,8,-15
Konè I.,C,C,SAS,8,2.0,6.0,0.5,0.0,0.0,0.0,20,1.0,6.19,6.63,6.19,6.63,0.0,,0.921,0.171,0.0,0.086,0.0,1.0,5.083,1.76,0.164,0.057,0.164,0.741,0.9714,1.594,250,6,1,1.0,0,0,0,False,0.0,0.4724,0.5558,75.8,172.1,240.3,164.5,5.6,7,18,2,1,fade(0.89);clearing_observed(historical),18,7,16
Terracciano,P,Por,MIL,1,0.1,6.0,0.5,0.0,0.0,0.0,1,8.0,6.102,5.6,6.171,5.327,0.151,-0.0394,0.395,0.0,0.0,0.043,0.0,4.0,1.273,0.801,0.046,0.051,0.046,0.473,1.0464,2.419,12,2,0,0.047,0,1,0,False,0.0,0.4723,0.4757,21.7,91.6,182.2,160.5,0.0,1,1,1,1,floor_qi;team_discount(MIL);clearing_observed(asta_xlsx),1,1,0
Zalewski,C,W,ATA,7,1.8,6.0,0.5,0.0,0.0,0.0,18,6.0,6.027,6.232,5.96,6.225,0.103,0.0246,0.518,0.043,0.077,0.094,0.0,4.0,1.897,2.826,0.089,0.167,0.089,1.377,1.0354,2.298,54,7,0,0.21,1,1,95,True,0.5,0.4723,0.4877,76.4,165.6,228.8,152.4,0.0,7,17,12,6,fade(0.95);clearing_observed(asta_xlsx),17,7,5
Sabelli,D,Dd;Ds;E,GEN,2,0.5,6.0,0.5,0.0,0.0,0.0,5,6.0,5.848,5.77,5.843,5.83,0.068,-0.0029,0.544,0.0,0.055,0.118,0.0,3.0,0.394,1.618,0.023,0.08,0.023,0.377,0.9593,1.46,17,3,0,0.066,0,2,0,False,0.0,0.4722,0.4769,40.0,115.8,200.3,160.3,0.0,2,5,2,1,floor_qi;clearing_observed(historical),5,2,3
Terracciano F.,D,B;Dd;Ds,MIL,2,0.4,6.0,0.5,0.0,0.0,0.0,4,4.0,5.815,5.753,5.885,5.853,0.132,-0.084,0.487,0.03,0.03,0.149,0.0,4.0,1.273,0.801,0.046,0.051,0.046,0.473,1.0464,2.419,12,2,0,0.047,0,2,0,False,0.0,0.4718,0.4751,40.4,113.3,190.6,150.2,0.0,2,4,1,1,floor_qi;team_discount(MIL);clearing_observed(asta_xlsx),4,2,3
Doig,D,Ds;E,SAS,5,1.0,6.0,0.5,0.0,0.0,0.0,10,3.0,5.877,5.89,5.913,6.017,0.111,-0.11,0.667,0.026,0.079,0.171,0.0,3.0,0.776,1.412,0.042,0.069,0.042,0.689,0.9714,1.594,67,4,0,0.261,2,0,151,True,1.0,0.4718,0.491,90.0,161.3,216.0,126.0,0.0,5,10,8,4,fade(1.00);clearing_observed(asta_xlsx),10,5,2
Akinsanmiro,C,C,MON,7,1.1,6.0,0.5,0.0,0.0,0.0,11,1.0,5.8,5.8,5.8,5.8,0.0,,0.605,0.0,0.043,0.087,0.0,1.0,1.113,1.643,0.069,0.103,0.069,0.812,0.9337,1.178,36,4,0,0.14,0,1,36,False,0.0,0.4715,0.4816,44.7,124.3,207.9,163.2,0.0,7,11,2,1,thin_prior_sample_no_fade;clearing_observed(historical),11,7,9
Nicolussi Caviglia,C,M;C,PAR,6,1.6,6.0,0.5,0.0,0.0,0.0,16,7.0,5.998,6.187,4.249,4.351,2.69,0.6425,0.405,0.072,0.101,0.159,0.0,4.0,1.194,1.237,0.059,0.086,0.059,1.41,0.9545,1.408,0,0,0,0.0,0,0,0,False,0.0,0.4709,0.4709,42.0,121.1,199.9,157.9,0.0,6,16,2,1,thin_prior_sample_no_fade;clearing_observed(historical),16,6,14
Winks,C,M;C,CAG,6,1.5,6.0,0.5,0.0,0.0,0.0,15,1.0,5.78,5.72,5.78,5.72,0.0,,0.526,0.0,0.0,0.1,0.0,1.0,0.422,0.979,0.022,0.051,0.022,0.732,0.9604,1.472,0,0,0,0.0,2,0,147,True,1.0,0.4708,0.4708,62.4,171.2,219.7,157.3,4.7,6,15,3,2,no_prior_data;clearing_observed(historical),15,6,12
Smolcic I.,D,Dd;E,COM,4,1.0,6.0,0.5,0.0,0.0,0.0,10,2.0,5.91,5.81,5.885,5.795,0.075,,0.434,0.0,0.04,0.32,0.0,2.0,1.013,0.79,0.074,0.061,0.074,0.74,1.0068,1.982,0,0,0,0.0,0,2,33,False,0.0,0.4705,0.4705,39.2,105.1,186.3,147.1,0.0,4,10,2,1,fade(0.97);clearing_observed(historical),10,4,8
Colpani,C,T,MON,9,1.5,6.0,0.5,0.0,0.0,0.0,15,3.0,5.988,6.43,6.037,6.527,0.165,-0.145,0.754,0.163,0.058,0.035,0.0,3.0,3.752,3.17,0.186,0.167,0.186,2.189,0.9337,1.178,85,3,1,0.631,2,0,154,True,1.0,0.4704,0.5196,59.7,145.2,230.7,171.0,0.0,9,15,5,3,no_prior_data;clearing_observed(historical),15,9,10
Pongracic,D,Dc,FIO,4,0.8,6.0,0.5,0.0,0.0,0.0,8,4.0,5.86,5.687,5.907,5.755,0.066,-0.057,0.638,0.0,0.0,0.239,0.0,4.0,0.544,0.427,0.022,0.018,0.022,0.271,1.0124,2.045,59,3,0,0.229,1,1,61,True,0.5,0.4698,0.4865,62.7,166.9,205.7,143.0,5.0,4,8,2,1,fade(1.03);clearing_observed(asta_xlsx),8,4,6
Pellegrini Lu.,D,Ds;E,LAZ,2,0.7,6.0,0.5,0.0,0.0,0.0,7,8.0,5.917,5.902,5.94,5.846,0.18,0.0055,0.431,0.016,0.094,0.312,0.0,4.0,5.068,3.937,0.278,0.186,0.215,2.2,0.9953,1.856,99,13,0,0.385,0,0,0,False,0.0,0.4696,0.4984,44.6,119.5,188.1,143.5,0.0,2,7,2,1,floor_qi;clearing_observed(historical),7,2,5
Bellanova,D,Dd;E,ATA,6,1.7,6.0,0.5,0.0,0.0,0.0,17,7.0,5.947,6.055,5.117,5.19,2.092,0.4236,0.596,0.015,0.133,0.096,0.0,4.0,1.215,3.886,0.062,0.188,0.062,0.822,1.0354,2.298,71,3,0,0.276,0,2,12,False,0.0,0.4695,0.4898,59.8,134.3,209.1,149.3,0.0,6,17,56,28,thin_prior_sample_no_fade;clearing_observed(asta_xlsx),17,6,-39
Fagioli,C,M;C,FIO,7,2.0,6.0,0.5,0.0,0.0,0.0,20,7.0,5.998,6.17,4.306,4.444,2.724,0.8568,0.468,0.075,0.1,0.15,0.0,4.0,1.295,2.637,0.073,0.157,0.073,1.1,1.0124,2.045,33,4,0,0.128,1,1,90,True,0.5,0.469,0.4782,86.1,171.3,220.3,134.2,4.8,7,20,9,4,fade(1.00);clearing_observed(historical),20,7,11
Skorupski,P,Por,BOL,10,3.2,6.0,0.5,0.0,0.0,0.0,32,11.0,6.18,5.208,6.2,5.025,0.127,-0.0124,0.766,0.0,0.0,0.063,0.0,4.0,,0.0,0.0,0.0,0.0,0.0,1.004,1.952,131,7,0,0.509,2,0,180,True,1.0,0.4688,0.5075,65.6,139.8,193.6,128.0,0.0,10,32,26,13,goalkeeper_no_fade;clearing_observed(asta_xlsx),32,10,6
Franjic,D,B;Ds;E,VEN,3,0.7,6.0,0.5,0.0,0.0,0.0,7,,,,,,,,,,,,,,,,,,,,0.9494,1.351,110,6,0,0.428,2,0,134,True,1.0,0.4686,0.5007,77.6,164.6,214.0,136.4,2.7,3,7,7,3,no_prior_data,7,3,0
Ngonge,A,A,MON,5,1.3,6.0,0.5,0.0,0.0,0.0,13,4.0,5.85,6.033,5.938,6.315,0.158,-0.105,0.421,0.19,0.069,0.172,0.0,4.0,2.51,0.982,0.268,0.096,0.268,3.012,0.9337,1.178,28,5,0,0.109,0,0,0,False,0.0,0.4686,0.4764,46.4,121.2,198.9,152.5,0.0,5,13,1,1,thin_prior_sample_no_fade;clearing_observed(asta_xlsx),13,5,12
Adopo,C,M;C,CAG,7,1.3,6.0,0.5,0.0,0.0,0.0,13,4.0,5.83,5.91,5.832,5.885,0.051,-0.003,0.526,0.028,0.028,0.097,0.0,4.0,1.684,1.262,0.062,0.078,0.062,0.789,0.9604,1.472,38,4,0,0.148,2,0,180,True,1.0,0.4681,0.4787,76.2,175.9,223.4,147.2,9.4,8,14,1,1,fade(1.10);clearing_observed(asta_xlsx),14,8,13
De Silvestri,D,Dd;E,BOL,1,0.4,6.0,0.5,0.0,0.0,0.0,4,11.0,6.023,6.107,5.946,6.138,0.13,0.0057,0.562,0.08,0.053,0.111,0.0,4.0,0.396,0.181,0.07,0.023,0.07,0.56,1.004,1.952,64,8,0,0.249,0,2,0,False,0.0,0.4678,0.4859,44.2,125.5,205.4,161.2,0.0,1,4,4,1,floor_qi,4,1,0
Nzola,A,Pc,CAG,4,1.0,6.0,0.5,0.0,0.0,0.0,10,6.0,3.937,4.145,4.998,5.597,2.242,-0.554,0.674,0.258,0.07,0.148,0.078,3.0,7.183,1.914,0.381,0.091,0.297,2.116,0.9604,1.472,0,0,0,0.0,0,0,0,False,0.0,0.4673,0.4673,45.8,126.8,231.0,185.2,0.0,4,10,13,6,fade(0.97);clearing_observed(asta_xlsx),10,4,-3
Vojvoda,D,Dd;E,UDI,9,1.9,6.0,0.5,0.0,0.0,0.0,19,6.0,5.977,6.125,5.907,6.052,0.109,0.04,0.658,0.033,0.107,0.14,0.0,4.0,1.007,3.004,0.056,0.166,0.056,0.815,0.965,1.523,88,10,0,0.342,2,0,175,True,1.0,0.4673,0.4926,85.3,177.7,217.8,132.5,15.8,8,16,20,10,fade(0.85);clearing_observed(asta_xlsx),16,8,-4
Dominguez B.,C,W;A,SAS,4,1.2,6.0,0.5,0.0,0.0,0.0,12,2.0,5.98,6.3,6.055,6.43,0.225,,0.421,0.094,0.156,0.031,0.0,2.0,1.242,0.498,0.149,0.048,0.149,2.03,0.9714,1.594,24,3,0,0.093,0,2,46,False,0.0,0.4671,0.4737,37.7,139.6,221.0,183.3,0.0,4,12,2,1,thin_prior_sample_no_fade;clearing_observed(historical),12,4,10
Pisilli,C,C,ROM,7,1.9,6.0,0.5,0.0,0.0,0.0,19,3.0,5.038,5.28,4.023,4.2,2.845,3.045,0.605,0.087,0.109,0.217,0.0,2.0,2.538,1.58,0.195,0.116,0.195,1.682,1.0268,2.203,0,0,0,0.0,0,2,34,False,0.0,0.4671,0.4671,46.6,131.4,199.3,152.7,0.0,7,19,6,3,thin_prior_sample_no_fade;clearing_observed(historical),19,7,13
Omar Fayed,D,Dc,FRO,1,0.1,6.0,0.5,0.0,0.0,0.0,1,,,,,,,,,,,,,,,,,,,,0.9827,1.718,118,4,0,0.459,0,1,0,False,0.0,0.4669,0.5014,66.0,141.6,212.3,146.3,0.0,1,1,1,1,floor_qi,1,1,0
Diego Carlos,D,Dc,PAR,8,2.6,6.0,0.5,0.0,0.0,0.0,26,1.0,6.14,6.1,6.14,6.1,0.0,,0.658,0.04,0.0,0.32,0.0,1.0,1.673,0.048,0.077,0.002,0.077,0.37,0.9545,1.408,134,9,0,0.521,0,0,0,False,0.0,0.4667,0.5063,54.2,137.2,198.0,143.8,0.0,7,23,23,7,fade(0.89),23,7,0
Fatah,A,W;A,LEC,4,1.4,6.0,0.5,0.0,0.0,0.0,14,,,,,,,,,,,,,,,,,,,,0.9201,1.029,122,6,0,0.474,0,1,18,False,0.0,0.466,0.5017,63.8,138.5,214.0,150.2,6.1,4,14,14,4,no_prior_data,14,4,0
Sucic P.,C,C,INT,9,2.1,6.0,0.5,0.0,0.0,0.0,21,1.0,6.07,6.27,6.07,6.27,0.0,,0.737,0.071,0.071,0.179,0.0,1.0,2.182,4.041,0.111,0.206,0.111,1.123,1.1,3.009,82,2,1,0.619,1,1,101,True,0.5,0.4649,0.5125,72.8,164.8,226.6,153.8,0.0,9,21,50,25,fade(0.99);clearing_observed(asta_xlsx),21,9,-29
Ostigard,D,Dc,GEN,11,4.1,6.0,0.5,0.0,0.0,0.0,41,4.0,6.032,6.247,5.915,5.967,0.184,0.14,0.467,0.092,0.0,0.169,0.0,3.0,1.814,0.327,0.078,0.019,0.078,0.619,0.9593,1.46,69,10,0,0.268,2,0,156,True,1.0,0.4648,0.4843,94.8,176.7,222.8,128.0,14.8,8,32,2,1,fade(0.77);clearing_observed(asta_xlsx),32,8,30
Borrelli,A,Pc,CAG,4,0.9,6.0,0.5,0.0,0.0,0.0,9,2.0,5.947,6.307,5.96,6.23,0.04,,0.355,0.192,0.038,0.154,0.0,1.0,4.58,0.871,0.326,0.062,0.326,2.138,0.9604,1.472,76,4,0,0.296,0,2,36,False,0.0,0.4646,0.4862,39.2,116.0,219.2,180.0,0.0,4,8,2,1,fade(0.94);clearing_observed(historical),8,4,6
Zè Pedro,D,Dd;Dc,CAG,5,1.3,6.0,0.5,0.0,0.0,0.0,13,1.0,5.77,5.68,5.77,5.68,0.0,,0.579,0.0,0.045,0.273,0.0,1.0,0.745,0.458,0.039,0.024,0.039,0.366,0.9604,1.472,53,2,0,0.206,2,0,156,True,1.0,0.464,0.4788,71.2,157.2,204.3,133.1,0.0,5,13,5,2,thin_prior_sample_no_fade;clearing_observed(historical),13,5,8
Provstgaard,D,Dc,LAZ,4,1.3,6.0,0.5,0.0,0.0,0.0,13,2.0,6.107,6.067,6.205,6.175,0.295,,0.316,0.0,0.0,0.13,0.0,1.0,0.666,0.663,0.04,0.039,0.04,0.356,0.9953,1.856,0,0,0,0.0,2,0,180,True,1.0,0.4636,0.4636,74.4,184.8,217.7,143.3,22.9,4,13,3,1,thin_prior_sample_no_fade;clearing_observed(historical),13,4,10
Zerbin,C,W,FRO,6,1.2,6.0,0.5,0.0,0.0,0.0,12,4.0,5.843,5.895,5.822,5.825,0.103,0.025,0.441,0.016,0.063,0.095,0.0,4.0,1.763,1.606,0.11,0.139,0.11,1.122,0.9827,1.718,30,2,0,0.117,0,2,76,False,0.0,0.4634,0.4717,37.1,112.0,209.0,171.9,0.0,7,14,17,8,fade(1.13);clearing_observed(asta_xlsx),14,7,-3
Lucumì,D,Dc,JUV,7,1.7,6.0,0.5,0.0,0.0,0.0,17,1.0,5.88,5.89,5.88,5.89,0.0,,0.737,0.036,0.0,0.179,0.0,4.0,1.078,0.541,0.032,0.019,0.032,0.377,1.0076,1.992,126,7,0,0.49,1,1,75,True,0.5,0.4633,0.5001,64.9,161.5,213.0,148.1,0.0,7,16,1,1,fade(0.95);clearing_observed(asta_xlsx),16,7,15
Idzes,D,Dc,SAS,7,1.9,6.0,0.5,0.0,0.0,0.0,19,2.0,5.947,5.923,5.95,5.935,0.01,,0.921,0.014,0.0,0.114,0.0,2.0,0.835,1.145,0.033,0.033,0.033,0.305,0.9714,1.594,113,4,1,0.739,1,1,90,True,0.5,0.4632,0.5209,69.1,163.5,212.5,143.4,1.6,7,18,4,2,fade(0.95);clearing_observed(asta_xlsx),18,7,14
Gueye,A,Pc,UDI,4,0.7,6.0,0.5,0.0,0.0,0.0,7,1.0,5.77,5.92,5.77,5.92,0.0,,0.342,0.077,0.0,0.154,0.0,1.0,2.264,0.157,0.554,0.038,0.554,4.891,0.965,1.523,0,0,0,0.0,1,1,94,True,0.5,0.463,0.463,76.9,146.9,218.4,141.5,14.5,4,7,7,4,thin_prior_sample_no_fade,7,4,0
Haps,D,Ds;E,VEN,5,1.0,6.0,0.5,0.0,0.0,0.0,10,3.0,5.88,5.97,5.877,5.953,0.039,0.01,0.535,0.033,0.049,0.148,0.0,2.0,1.025,0.948,0.067,0.08,0.067,0.801,0.9494,1.351,57,7,0,0.222,1,1,92,True,0.5,0.4629,0.4788,75.9,166.4,215.9,140.0,4.5,5,10,3,1,no_prior_data;clearing_observed(historical),10,5,7
Diouf,C,E;C,INT,9,4.3,6.0,0.5,0.0,0.0,0.0,43,1.0,6.15,6.45,6.15,6.45,0.0,,0.263,,,,,1.0,0.945,1.752,0.184,0.341,0.184,1.948,1.1,3.009,7,2,0,0.027,1,1,75,True,0.5,0.4627,0.4646,82.0,174.8,230.6,148.6,8.3,9,43,47,24,thin_prior_sample_no_fade;clearing_observed(historical),43,9,-4
Patric,D,Dd;Dc,LAZ,1,0.1,6.0,0.5,0.0,0.0,0.0,1,11.0,5.812,5.883,5.825,5.804,0.149,0.0135,0.4,0.023,0.023,0.183,0.0,4.0,0.641,0.138,0.054,0.012,0.054,0.315,0.9953,1.856,0,0,0,0.0,0,0,0,False,0.0,0.4621,0.4621,46.3,118.3,195.4,149.1,0.0,1,1,2,1,floor_qi;clearing_observed(historical),1,1,-1
Cancellieri,C,W;A,LAZ,9,2.5,6.0,0.5,0.0,0.0,0.0,25,5.0,5.885,6.21,5.924,6.214,0.12,-0.041,0.516,0.126,0.034,0.172,0.0,4.0,4.404,1.602,0.24,0.112,0.24,1.898,0.9953,1.856,126,7,0,0.49,2,0,108,True,1.0,0.4619,0.4985,82.0,170.5,226.4,144.4,4.0,9,25,15,8,fade(0.98);clearing_observed(asta_xlsx),25,9,10
Paleari,P,Por,TOR,1,0.1,6.0,0.5,0.0,0.0,0.0,1,3.0,6.24,4.288,6.253,4.397,0.177,-0.04,0.289,0.0,0.0,0.034,0.0,1.0,,0.0,0.0,0.0,0.0,0.0,0.9571,1.436,0,0,0,0.0,0,2,0,False,0.0,0.4611,0.4611,25.7,100.8,207.9,182.2,0.0,1,1,5,2,floor_qi;clearing_observed(historical),1,1,-4
Marcandalli,D,Dc,GEN,6,1.4,6.0,0.5,0.0,0.0,0.0,14,2.0,5.873,5.81,5.875,5.795,0.005,,0.513,0.0,0.032,0.129,0.0,2.0,0.369,0.327,0.025,0.02,0.025,0.21,0.9593,1.46,40,4,0,0.156,2,0,180,True,1.0,0.461,0.472,67.9,171.4,214.8,146.9,9.5,6,14,7,3,fade(0.97);clearing_observed(historical),14,6,7
Thorstvedt,C,C;T,SAS,10,3.9,6.0,0.5,0.0,0.0,0.0,39,3.0,6.055,6.407,6.03,6.36,0.088,0.075,0.789,0.133,0.056,0.233,0.0,3.0,5.184,2.024,0.199,0.091,0.199,1.575,0.9714,1.594,274,7,1,1.0,0,2,56,False,0.0,0.4603,0.5415,55.6,147.2,222.5,166.9,0.0,9,36,9,4,fade(0.93);clearing_observed(asta_xlsx),36,9,27
Valle,D,Ds;E,COM,6,2.1,6.0,0.5,0.0,0.0,0.0,21,2.0,5.977,6.063,5.935,5.98,0.125,,0.513,0.026,0.077,0.128,0.0,2.0,0.7,0.998,0.036,0.059,0.036,0.586,1.0068,1.982,71,5,0,0.276,2,0,180,True,1.0,0.4602,0.4801,86.4,175.7,214.0,127.6,13.8,5,18,14,7,fade(0.85);clearing_observed(asta_xlsx),18,5,4
Jones C.,C,C,INT,12,4.7,6.0,0.5,0.0,0.0,0.0,47,,,,,,,,,,,,,1.0,0.372,0.677,,,,,1.1,3.009,151,11,0,0.587,0,1,25,False,0.0,0.4599,0.5043,65.0,168.2,215.4,150.4,1.7,12,47,26,13,no_prior_data;clearing_observed(historical),47,12,21
Gomes,D,Ds;Dc,VEN,1,0.1,6.0,0.5,0.0,0.0,0.0,1,,,,,,,,,,,,,,,,,,,,0.9494,1.351,142,10,0,0.552,0,2,0,False,0.0,0.4599,0.5014,55.0,135.3,212.3,157.3,0.0,1,1,1,1,floor_qi,1,1,0
Rodriguez Ju.,D,Ds;Dc,CAG,4,1.4,6.0,0.5,0.0,0.0,0.0,14,1.0,5.62,5.72,5.62,5.72,0.0,,0.421,0.062,0.0,0.188,0.0,1.0,3.921,6.971,0.204,0.363,0.204,2.344,0.9604,1.472,71,5,0,0.276,2,0,180,True,1.0,0.4594,0.4792,79.8,146.3,206.5,126.7,0.0,4,14,6,3,thin_prior_sample_no_fade;clearing_observed(historical),14,4,8
Miller L.,C,M;C,UDI,4,1.2,6.0,0.5,0.0,0.0,0.0,12,1.0,5.92,5.95,5.92,5.95,0.0,,0.5,0.0,0.105,0.211,0.0,1.0,0.306,1.345,0.028,0.123,0.028,0.822,0.965,1.523,55,4,0,0.214,0,2,49,False,0.0,0.4587,0.4739,43.1,127.3,202.2,159.1,0.0,4,12,2,1,thin_prior_sample_no_fade;clearing_observed(historical),12,4,10
Gandelman,C,C;T,LEC,4,1.0,6.0,0.5,0.0,0.0,0.0,10,1.0,5.97,6.41,5.97,6.41,0.0,,0.421,0.125,0.062,0.0,0.0,1.0,1.734,1.121,0.161,0.104,0.161,0.927,0.9201,1.029,62,6,0,0.241,0,2,1,False,0.0,0.4586,0.4758,30.8,116.0,218.2,187.4,0.0,4,10,3,1,thin_prior_sample_no_fade;clearing_observed(historical),10,4,7
Lipani,C,M;C,SAS,2,0.5,6.0,0.5,0.0,0.0,0.0,5,2.0,5.953,5.933,5.965,5.95,0.035,,0.368,0.0,0.048,0.143,0.0,2.0,0.672,0.659,0.07,0.085,0.07,0.962,0.9714,1.594,21,4,0,0.082,0,2,1,False,0.0,0.4581,0.4638,39.2,112.1,203.6,164.4,0.0,2,5,5,2,floor_qi,5,2,0
Lobotka,C,M;C,NAP,8,2.3,6.0,0.5,0.0,0.0,0.0,23,7.0,6.03,6.045,6.1,6.097,0.123,-0.0168,0.665,0.017,0.017,0.081,0.0,4.0,0.395,1.237,0.014,0.039,0.014,0.311,1.0241,2.173,125,11,0,0.486,2,0,180,True,1.0,0.4579,0.4939,79.1,166.9,217.7,138.6,0.4,7,20,2,1,fade(1.03);team_discount(NAP);clearing_observed(asta_xlsx),20,7,18
Balerdi,D,Dc,ROM,6,1.1,6.0,0.5,0.0,0.0,0.0,11,,,,,,,,,,,,,,,,,,,,1.0268,2.203,139,11,0,0.541,0,1,0,False,0.0,0.4576,0.498,55.0,141.6,212.3,157.3,0.0,6,11,11,6,no_prior_data,11,6,0
Mazzocchi,D,Dd;Ds;E,VEN,1,1.0,6.0,0.5,0.0,0.0,0.0,10,5.0,5.817,5.793,5.866,5.904,0.179,-0.027,0.542,0.024,0.083,0.131,0.0,4.0,0.19,1.327,0.039,0.102,0.039,0.693,0.9494,1.351,72,7,0,0.28,0,0,0,False,0.0,0.4573,0.4774,44.1,118.8,201.7,157.6,0.0,1,10,4,2,floor_qi;clearing_observed(historical),10,1,6
Monterisi,D,Dc,FRO,6,1.3,6.0,0.5,0.0,0.0,0.0,13,1.0,5.83,6.25,5.83,6.25,0.0,,0.474,0.111,0.111,0.056,0.0,1.0,1.417,0.392,0.087,0.024,0.087,0.306,0.9827,1.718,57,6,0,0.222,2,0,157,True,1.0,0.4571,0.4728,73.1,176.6,227.3,154.2,14.7,6,13,5,3,no_prior_data;clearing_observed(historical),13,6,8
Zapata D.,A,Pc,TOR,6,1.2,6.0,0.5,0.0,0.0,0.0,12,11.0,6.148,6.888,6.234,7.39,0.253,0.0054,0.739,0.374,0.129,0.073,0.023,4.0,5.424,1.784,0.359,0.105,0.348,2.949,0.9571,1.436,345,7,1,1.0,0,2,12,False,0.0,0.4568,0.5374,79.0,159.9,249.9,170.9,27.5,6,12,30,15,thin_prior_sample_no_fade;clearing_observed(asta_xlsx),12,6,-18
Schmid,C,W;T,FRO,8,2.5,6.0,0.5,0.0,0.0,0.0,25,,,,,,,,,,,,,,,,,,,,0.9827,1.718,150,11,0,0.583,2,0,149,True,1.0,0.4563,0.5,71.1,169.2,217.5,146.4,2.7,8,25,4,2,no_prior_data;clearing_observed(historical),25,8,21
Muric,P,Por,SAS,7,1.5,6.0,0.5,0.0,0.0,0.0,15,1.0,6.08,4.77,6.08,4.77,0.0,,0.842,0.0,0.0,0.125,0.0,1.0,,0.033,0.0,0.001,0.0,0.0,0.9714,1.594,105,2,1,0.708,2,0,180,True,1.0,0.4563,0.5105,52.4,148.7,195.3,142.9,3.5,7,15,4,2,goalkeeper_no_fade;clearing_observed(historical),15,7,11
Mendy P.,A,Pc,CAG,4,1.2,6.0,0.5,0.0,0.0,0.0,12,1.0,5.94,6.62,5.94,6.62,0.0,,0.211,,,,,1.0,2.389,0.257,0.66,0.071,0.66,4.141,0.9604,1.472,5,2,0,0.019,2,0,123,True,1.0,0.4563,0.4576,71.7,200.1,251.4,179.7,67.7,4,12,3,1,thin_prior_sample_no_fade;clearing_observed(historical),12,4,9
Kaiki,D,Ds;E,COM,6,1.3,6.0,0.5,0.0,0.0,0.0,13,,,,,,,,,,,,,,,,,,,,1.0068,1.982,69,2,1,0.568,0,2,9,False,0.0,0.4562,0.4987,55.0,135.3,212.3,157.3,0.0,6,13,7,4,no_prior_data;clearing_observed(historical),13,6,6
Vitinha O.,A,A,GEN,8,1.3,6.0,0.5,0.0,0.0,0.0,13,3.0,6.008,6.5,6.087,6.657,0.237,-0.235,0.518,0.132,0.075,0.132,0.0,3.0,4.245,2.15,0.229,0.15,0.229,2.597,0.9593,1.46,149,7,0,0.579,2,0,153,True,1.0,0.4559,0.4993,80.6,182.2,239.8,159.2,49.8,8,12,1,1,fade(0.95);clearing_observed(asta_xlsx),12,8,11
Obrador,D,Ds;E,SAS,6,1.3,6.0,0.5,0.0,0.0,0.0,13,1.0,6.06,6.41,6.06,6.41,0.0,,0.421,0.062,0.188,0.062,0.0,1.0,0.172,1.056,0.014,0.084,0.014,0.555,0.9714,1.594,43,4,0,0.167,0,2,29,False,0.0,0.4554,0.4671,38.5,127.2,214.3,175.8,0.0,6,13,3,2,thin_prior_sample_no_fade;clearing_observed(historical),13,6,10
Calvani,D,Dc,FRO,5,1.3,6.0,0.5,0.0,0.0,0.0,13,1.0,5.81,5.77,5.81,5.77,0.0,,0.342,0.0,0.0,0.077,0.0,2.0,0.672,0.659,0.07,0.085,0.07,0.962,0.9827,1.718,0,0,0,0.0,2,0,164,True,1.0,0.4547,0.4547,56.0,171.2,213.9,157.9,9.3,5,13,2,1,no_prior_data;clearing_observed(historical),13,5,11
Bernabè,C,C,PAR,7,3.4,6.0,0.5,0.0,0.0,0.0,34,1.0,6.17,6.48,6.17,6.48,0.0,,0.842,0.094,0.031,0.0,0.0,2.0,2.253,3.146,0.093,0.141,0.093,1.73,0.9545,1.408,250,9,1,1.0,2,0,146,True,1.0,0.4543,0.5345,73.3,150.3,228.3,155.0,0.0,7,32,18,9,fade(0.93);clearing_observed(asta_xlsx),32,7,14
Deiola,C,M;C,CAG,3,0.8,6.0,0.5,0.0,0.0,0.0,8,9.0,5.933,5.953,5.809,5.803,0.123,0.0217,0.459,0.052,0.03,0.215,0.0,3.0,2.088,0.785,0.132,0.047,0.132,1.302,0.9604,1.472,97,5,0,0.377,2,0,173,True,1.0,0.4543,0.4815,100.0,164.7,220.9,120.9,0.0,3,8,8,3,thin_prior_sample_no_fade,8,3,0
Piana,P,Por,UDI,1,0.1,6.0,0.5,0.0,0.0,0.0,1,4.0,,,,,0.0,,,,,,,,,,,,,,0.965,1.523,85,4,1,0.631,0,2,0,False,0.0,0.4539,0.5014,53.9,135.3,213.2,159.3,0.0,1,1,1,1,floor_qi,1,1,0
Doekhi,D,Dc,LAZ,8,1.6,6.0,0.5,0.0,0.0,0.0,16,,,,,,,,,,,,,,,,,,,,0.9953,1.856,75,3,1,0.592,2,0,180,True,1.0,0.4529,0.497,69.1,164.6,214.0,144.9,2.7,8,16,7,3,no_prior_data;clearing_observed(historical),16,8,9
Ordonez C.,C,M;C,PAR,3,1.0,6.0,0.5,0.0,0.0,0.0,10,1.0,5.79,5.81,5.79,5.81,0.0,,0.553,0.048,0.0,0.143,0.0,1.0,0.449,0.27,0.038,0.023,0.038,0.836,0.9545,1.408,86,4,0,0.334,2,0,151,True,1.0,0.4527,0.4766,76.6,156.6,218.7,142.1,0.0,3,10,2,1,thin_prior_sample_no_fade;clearing_observed(historical),10,3,8
Mina,D,Dc,CAG,7,2.0,6.0,0.5,0.0,0.0,0.0,20,3.0,6.025,6.15,6.03,6.167,0.024,-0.015,0.632,0.069,0.014,0.167,0.014,3.0,1.938,0.331,0.084,0.015,0.073,0.599,0.9604,1.472,164,16,0,0.638,0,1,0,False,0.0,0.4527,0.5006,59.0,135.6,202.8,143.8,0.0,6,17,15,8,fade(0.87);clearing_observed(asta_xlsx),17,6,2
Tomori,D,Dc,MIL,6,0.8,6.0,0.5,0.0,0.0,0.0,8,6.0,5.938,5.93,6.077,6.128,0.155,-0.0806,0.684,0.038,0.013,0.147,0.0,4.0,0.94,0.588,0.061,0.023,0.061,0.367,1.0464,2.419,66,2,1,0.557,0,0,0,False,0.0,0.4527,0.494,51.5,137.7,200.2,148.7,0.0,5,7,15,8,fade(0.96);team_discount(MIL);clearing_observed(asta_xlsx),7,5,-8
Comuzzo,D,Dc,TOR,8,1.3,6.0,0.5,0.0,0.0,0.0,13,3.0,5.845,5.81,5.887,5.81,0.103,-0.125,0.474,0.038,0.0,0.135,0.0,2.0,0.701,0.203,0.03,0.009,0.03,0.324,0.9571,1.436,51,7,0,0.198,2,0,175,True,1.0,0.4522,0.466,78.0,176.3,215.8,137.8,14.4,8,13,5,2,thin_prior_sample_no_fade;clearing_observed(asta_xlsx),13,8,8
Bleve,P,Por,LEC,1,0.1,6.0,0.5,0.0,0.0,0.0,1,3.0,,,,,0.0,,,,,,,,,,,,,,0.9201,1.029,91,2,1,0.654,0,2,0,False,0.0,0.4522,0.5014,53.9,135.3,213.2,159.3,0.0,1,1,1,1,floor_qi,1,1,0
Butez,P,Por,COM,15,5.0,6.0,0.5,0.0,0.0,0.0,50,2.0,6.12,5.32,6.145,5.295,0.075,,0.737,0.0,0.018,0.054,0.0,2.0,,0.241,0.0,0.009,0.0,0.0,1.0068,1.982,93,2,1,0.662,2,0,180,True,1.0,0.4518,0.5016,51.5,160.5,195.0,143.5,15.3,15,50,18,9,goalkeeper_no_fade;clearing_observed(asta_xlsx),50,15,32
Solet,D,Dc,UDI,13,4.6,6.0,0.5,0.0,0.0,0.0,46,2.0,6.173,6.363,6.17,6.345,0.01,,0.697,0.075,0.038,0.038,0.019,2.0,2.231,1.758,0.074,0.068,0.059,0.873,0.965,1.523,136,8,1,0.829,2,0,180,True,1.0,0.451,0.5151,74.8,158.5,226.2,151.4,0.0,10,37,36,18,fade(0.80);clearing_observed(asta_xlsx),37,10,1
Bartesaghi,D,Ds;E,MIL,8,2.2,6.0,0.5,0.0,0.0,0.0,22,3.0,5.762,5.692,5.767,5.683,0.309,-0.015,0.325,0.065,0.0,0.097,0.0,2.0,0.916,1.957,0.049,0.14,0.049,0.789,1.0464,2.419,4,2,0,0.016,1,1,111,True,0.5,0.4507,0.4518,73.1,150.9,212.7,139.6,0.0,7,18,10,5,fade(0.90);team_discount(MIL);clearing_observed(historical),18,7,8
Baldanzi,C,T,GEN,11,2.8,6.0,0.5,0.0,0.0,0.0,28,4.0,6.088,6.282,6.095,6.342,0.062,-0.008,0.579,0.091,0.034,0.102,0.0,4.0,2.026,1.518,0.17,0.118,0.17,1.981,0.9593,1.46,155,14,0,0.603,2,0,144,True,1.0,0.4503,0.4951,70.5,170.8,228.5,158.0,4.3,11,28,10,5,thin_prior_sample_no_fade;clearing_observed(historical),28,11,18
N'Dri,A,W;A,LEC,4,1.2,6.0,0.5,0.0,0.0,0.0,12,2.0,5.833,6.013,5.84,5.975,0.02,,0.316,0.118,0.0,0.176,0.0,,,,,,,,0.9201,1.029,0,0,0,0.0,1,1,119,True,0.5,0.4495,0.4495,88.8,170.6,218.4,129.6,38.2,4,12,4,2,thin_prior_sample_no_fade;clearing_observed(historical),12,4,8
Tourè I.,C,E;M,MON,6,1.4,6.0,0.5,0.0,0.0,0.0,14,1.0,5.82,5.82,5.82,5.82,0.0,,0.789,0.033,0.0,0.133,0.0,1.0,1.883,1.041,0.459,0.254,0.459,2.927,0.9337,1.178,124,3,1,0.782,0,0,0,False,0.0,0.4494,0.5091,58.4,135.4,215.3,156.9,0.0,7,16,8,4,fade(1.12);clearing_observed(asta_xlsx),16,7,8
Saelemaekers,C,E;W,MIL,11,3.5,6.0,0.5,0.0,0.0,0.0,35,7.0,6.213,6.737,6.067,6.399,0.15,0.0496,0.729,0.103,0.093,0.129,0.0,4.0,3.294,3.852,0.149,0.182,0.149,1.559,1.0464,2.419,172,9,1,0.969,0,2,55,False,0.0,0.4494,0.5258,59.0,154.1,226.6,167.6,0.0,9,30,38,19,fade(0.95);team_discount(MIL);clearing_observed(asta_xlsx),30,9,-8
Bayo V.,A,Pc,UDI,1,0.3,6.0,0.5,0.0,0.0,0.0,3,1.0,5.75,5.83,5.75,5.83,0.0,,0.316,0.0,0.083,0.0,0.0,1.0,1.326,0.731,0.276,0.152,0.276,2.917,0.965,1.523,26,3,0,0.101,0,2,18,False,0.0,0.4493,0.4562,30.8,112.1,198.2,167.4,0.0,1,3,3,1,floor_qi,3,1,0
Kelly L.,D,Ds;Dc,JUV,5,1.2,6.0,0.5,0.0,0.0,0.0,12,2.0,5.897,5.92,5.84,5.845,0.17,,0.618,0.021,0.021,0.106,0.0,2.0,0.85,0.598,0.035,0.027,0.035,0.538,1.0076,1.992,135,9,0,0.525,1,1,105,True,0.5,0.4493,0.4877,73.4,159.0,214.3,140.9,0.0,4,11,6,3,fade(0.90);clearing_observed(asta_xlsx),11,4,5
Thiam,P,Por,MON,4,0.5,6.0,0.5,0.0,0.0,0.0,5,1.0,5.81,6.08,5.81,6.08,0.0,,0.342,0.077,0.077,0.077,0.0,,,,,,,,0.9337,1.178,0,0,0,0.0,1,0,90,True,0.5,0.4491,0.4491,66.0,161.1,219.7,153.7,15.9,4,5,2,1,goalkeeper_no_fade;clearing_observed(historical),5,4,3
Buongiorno,D,Dc,NAP,6,1.5,6.0,0.5,0.0,0.0,0.0,15,7.0,6.117,6.173,5.173,5.184,2.124,0.6964,0.645,0.034,0.027,0.197,0.0,4.0,1.442,0.722,0.063,0.027,0.063,0.463,1.0241,2.173,238,13,0,0.7,0,0,0,False,0.0,0.4489,0.5016,44.8,148.1,204.0,159.2,0.0,5,12,55,28,fade(0.96);team_discount(NAP);clearing_observed(asta_xlsx),12,5,-43
Gila,D,Dc,MIL,13,3.1,6.0,0.5,0.0,0.0,0.0,31,4.0,6.035,5.947,5.9,5.832,0.231,0.162,0.566,0.012,0.0,0.155,0.0,3.0,1.203,0.695,0.038,0.027,0.038,0.446,1.0464,2.419,127,9,0,0.494,2,0,163,True,1.0,0.4489,0.4848,72.4,164.0,213.0,140.6,2.1,11,26,18,9,fade(0.93);team_discount(MIL);clearing_observed(asta_xlsx),26,11,8
Belahyane,C,M;C,LAZ,2,0.3,6.0,0.5,0.0,0.0,0.0,3,3.0,5.85,5.848,5.93,5.92,0.226,-0.24,0.342,0.0,0.108,0.135,0.0,2.0,0.203,1.163,0.015,0.085,0.015,0.331,0.9953,1.856,20,4,0,0.078,0,2,53,False,0.0,0.4485,0.4538,38.4,114.9,206.1,167.7,0.0,2,3,3,2,floor_qi,3,2,0
Turati,P,Por,SAS,1,0.1,6.0,0.5,0.0,0.0,0.0,1,6.0,6.217,4.82,4.152,3.07,2.936,0.7054,0.454,0.0,0.0,0.016,0.0,3.0,,0.014,0.0,0.001,0.0,0.0,0.9714,1.594,105,10,0,0.408,0,2,0,False,0.0,0.4485,0.4777,25.2,95.1,179.5,154.3,0.0,1,1,2,1,floor_qi;clearing_observed(historical),1,1,-1
Ziolkowski,D,Dc,MON,1,0.8,6.0,0.5,0.0,0.0,0.0,8,1.0,5.94,5.78,5.94,5.78,0.0,,0.237,,,,,1.0,0.141,0.041,0.025,0.007,0.025,0.36,0.9337,1.178,0,0,0,0.0,0,1,0,False,0.0,0.4485,0.4485,35.8,103.4,196.9,161.1,0.0,1,8,2,1,floor_qi;clearing_observed(historical),8,1,6
Lazzari,D,Dd;E,LAZ,2,0.5,6.0,0.5,0.0,0.0,0.0,5,9.0,5.848,5.807,6.037,6.093,0.166,-0.0567,0.725,0.028,0.089,0.157,0.0,4.0,0.268,1.055,0.025,0.064,0.025,0.366,0.9953,1.856,162,12,0,0.63,0,2,10,False,0.0,0.4484,0.4952,53.5,132.5,211.0,157.5,0.0,2,5,2,1,floor_qi;clearing_observed(historical),5,2,3
Dovbyk,A,Pc,BOL,15,5.1,6.0,0.5,0.0,0.0,0.0,51,2.0,6.0,6.91,6.0,6.98,0.0,,0.592,0.333,0.067,0.0,0.044,2.0,6.85,2.107,0.557,0.135,0.509,2.395,1.004,1.952,310,13,1,1.0,0,2,60,False,0.0,0.4479,0.5269,48.0,150.4,240.5,192.5,18.0,15,51,17,8,thin_prior_sample_no_fade;clearing_observed(asta_xlsx),51,15,34
Davis K.,A,Pc,UDI,19,10.8,6.0,0.5,0.0,0.0,0.0,108,3.0,6.193,6.912,6.173,6.783,0.132,0.06,0.447,0.261,0.109,0.152,0.087,3.0,6.06,2.281,0.367,0.186,0.284,2.308,0.965,1.523,325,12,1,1.0,1,0,68,True,0.5,0.4478,0.5268,71.9,182.0,251.4,179.5,49.6,15,86,60,30,fade(0.79);clearing_observed(asta_xlsx),86,15,26
Rrahmani Al.,A,Pc,VEN,7,1.3,6.0,0.5,0.0,0.0,0.0,13,7.0,6.155,6.307,6.114,6.269,0.123,0.02,0.752,0.065,0.015,0.12,0.0,4.0,1.998,0.92,0.076,0.032,0.076,0.779,0.9494,1.351,152,7,1,0.891,0,2,19,False,0.0,0.4469,0.5158,70.3,148.5,236.8,166.5,16.1,7,13,13,7,no_prior_data,13,7,0
Sutalo J.,D,Dc,LAZ,7,1.9,6.0,0.5,0.0,0.0,0.0,19,,,,,,,,,,,,,,,,,,,,0.9953,1.856,203,14,0,0.7,0,1,0,False,0.0,0.4469,0.4993,55.0,135.3,212.3,157.3,0.0,7,19,5,2,no_prior_data;clearing_observed(historical),19,7,14
Spinazzola,D,Ds;E,NAP,8,2.5,6.0,0.5,0.0,0.0,0.0,25,10.0,6.123,6.398,6.108,6.252,0.124,0.0088,0.547,0.046,0.112,0.051,0.0,4.0,0.985,3.186,0.045,0.18,0.045,0.719,1.0241,2.173,150,14,0,0.583,1,1,124,True,0.5,0.4464,0.4892,68.0,176.8,226.5,158.5,14.9,5,16,21,10,fade(0.76);team_discount(NAP);clearing_observed(historical),16,5,-5
Dodò,D,Dd;E,FIO,9,2.0,6.0,0.5,0.0,0.0,0.0,20,1.0,5.99,6.03,5.99,6.03,0.0,,0.947,0.028,0.056,0.194,0.0,4.0,1.172,3.251,0.034,0.128,0.034,0.64,1.0124,2.045,190,10,1,1.0,1,1,90,True,0.5,0.4462,0.525,79.8,166.0,211.3,131.5,4.1,8,18,52,26,fade(0.91);clearing_observed(asta_xlsx),18,8,-34
Rensch,D,B;Dd;E,ROM,4,1.4,6.0,0.5,0.0,0.0,0.0,14,2.0,6.127,6.397,6.11,6.345,0.05,,0.355,0.053,0.211,0.053,0.0,2.0,0.587,1.74,0.066,0.191,0.066,0.495,1.0268,2.203,81,12,0,0.315,0,0,0,False,0.0,0.4461,0.4682,41.8,125.5,214.4,172.6,0.0,4,14,2,1,thin_prior_sample_no_fade;clearing_observed(historical),14,4,12
Schingtienne,D,Dc,VEN,3,1.0,6.0,0.5,0.0,0.0,0.0,10,1.0,5.7,5.63,5.7,5.63,0.0,,0.395,0.0,0.0,0.133,0.0,1.0,,0.097,0.0,0.008,0.0,0.0,0.9494,1.351,32,3,0,0.124,2,0,180,True,1.0,0.4455,0.4539,62.4,163.6,199.5,137.1,1.7,3,10,3,1,no_prior_data;clearing_observed(historical),10,3,7
Milla,C,M;C,COM,6,3.0,6.0,0.5,0.0,0.0,0.0,30,,,,,,,,,,,,,,,,,,,,1.0068,1.982,123,2,1,0.778,2,0,180,True,1.0,0.4454,0.5043,68.1,166.5,216.2,148.1,0.0,6,30,6,3,no_prior_data;clearing_observed(historical),30,6,24
Okoye,P,Por,UDI,9,2.8,6.0,0.5,0.0,0.0,0.0,28,3.0,6.097,4.828,6.113,4.803,0.042,-0.05,0.667,0.0,0.013,0.053,0.0,3.0,,0.024,0.0,0.001,0.0,0.0,0.965,1.523,93,2,1,0.662,2,0,180,True,1.0,0.4451,0.4942,33.0,156.8,191.0,158.0,11.6,9,28,1,1,goalkeeper_no_fade;clearing_observed(asta_xlsx),28,9,27
Mora,C,T,ROM,20,10.0,6.0,0.5,0.0,0.0,0.0,100,2.0,5.773,5.727,5.785,5.715,0.035,,0.25,0.0,0.0,0.294,0.0,,,,,,,,1.0268,2.203,12,2,0,0.047,1,1,84,True,0.5,0.445,0.4482,90.8,150.6,201.8,111.0,0.0,20,100,73,37,no_prior_data;clearing_observed(historical),100,20,27
Koutsoupias,C,C,FRO,4,1.1,6.0,0.5,0.0,0.0,0.0,11,,,,,,,,,,,,,,,,,,,,0.9827,1.718,114,2,1,0.743,0,1,0,False,0.0,0.4449,0.5007,52.4,139.9,215.8,163.4,0.0,4,11,11,4,no_prior_data,11,4,0
Bernasconi,D,Ds;E,ATA,6,1.8,6.0,0.5,0.0,0.0,0.0,18,1.0,6.09,6.16,6.09,6.16,0.0,,0.579,0.0,0.136,0.136,0.0,1.0,0.419,3.146,0.024,0.18,0.024,0.516,1.0354,2.298,75,2,1,0.592,1,1,71,True,0.5,0.4448,0.4881,78.7,177.4,215.1,136.4,15.5,6,18,13,7,thin_prior_sample_no_fade;clearing_observed(historical),18,6,5
Bisseck,D,Dc,INT,12,3.6,6.0,0.5,0.0,0.0,0.0,36,3.0,6.17,6.602,6.193,6.66,0.148,-0.07,0.535,0.131,0.082,0.098,0.0,3.0,2.373,0.869,0.124,0.053,0.124,1.173,1.1,3.009,103,5,1,0.701,1,1,99,True,0.5,0.4446,0.4968,82.3,180.5,242.6,160.3,18.6,12,36,5,2,thin_prior_sample_no_fade;clearing_observed(asta_xlsx),36,12,31
Zaniolo,C,T;A,UDI,18,8.0,6.0,0.5,0.0,0.0,0.0,80,7.0,6.108,6.438,5.199,5.456,2.126,0.2121,0.618,0.142,0.078,0.305,0.0,3.0,4.382,2.611,0.281,0.182,0.281,2.784,0.965,1.523,201,13,1,1.0,1,0,89,True,0.5,0.4446,0.523,69.0,159.1,212.8,143.8,0.0,15,69,9,4,fade(0.86);clearing_observed(asta_xlsx),69,15,60
Rrahmani,D,Dc,NAP,15,5.1,6.0,0.5,0.0,0.0,0.0,51,7.0,6.155,6.307,6.114,6.269,0.123,0.02,0.752,0.065,0.015,0.12,0.0,4.0,1.998,0.92,0.076,0.032,0.076,0.779,1.0241,2.173,165,8,1,0.942,2,0,180,True,1.0,0.4445,0.5177,79.6,166.5,226.6,147.0,4.6,13,43,30,15,thin_prior_sample_no_fade;team_discount(NAP);clearing_observed(asta_xlsx),43,13,13
Calò,C,M;C,FRO,8,2.7,6.0,0.5,0.0,0.0,0.0,27,,,,,,,,,,,,,,,,,,,,0.9827,1.718,116,6,1,0.751,2,0,172,True,1.0,0.4442,0.5006,68.1,166.5,216.2,148.1,0.0,8,27,15,8,no_prior_data;clearing_observed(historical),27,8,12
Venturino,C,W,GEN,2,0.4,6.0,0.5,0.0,0.0,0.0,4,2.0,6.183,6.85,6.345,7.345,0.485,,0.132,,,,,2.0,0.587,0.524,0.352,0.253,0.352,2.172,0.9593,1.46,7,3,0,0.027,0,0,0,False,0.0,0.4442,0.446,42.3,109.1,199.8,157.5,0.0,2,4,4,2,floor_qi,4,2,0
Pellegrini Lo.,C,C;T,ROM,9,2.0,6.0,0.5,0.0,0.0,0.0,20,11.0,5.937,6.408,6.066,6.562,0.182,-0.0058,0.699,0.168,0.14,0.202,0.034,4.0,5.068,3.937,0.278,0.186,0.215,2.2,1.0268,2.203,352,10,1,1.0,0,0,0,False,0.0,0.4439,0.5222,68.2,147.3,226.8,158.6,0.0,9,20,5,2,thin_prior_sample_no_fade;clearing_observed(historical),20,9,15
Pedraza,D,Ds;E,LAZ,6,1.4,6.0,0.5,0.0,0.0,0.0,14,,,,,,,,,,,,,4.0,3.561,2.328,0.262,0.18,0.203,2.209,0.9953,1.856,301,5,1,1.0,1,1,105,True,0.5,0.4438,0.5221,66.0,163.6,211.9,145.9,1.7,6,14,4,2,no_prior_data;clearing_observed(historical),14,6,10
Elphege,A,Pc,PAR,3,1.1,6.0,0.5,0.0,0.0,0.0,11,1.0,6.0,6.88,6.0,6.88,0.0,,0.211,,,,,1.0,2.35,0.357,0.712,0.108,0.712,1.818,0.9545,1.408,66,4,0,0.257,0,2,22,False,0.0,0.4427,0.4604,37.8,107.8,225.2,187.4,0.0,3,11,4,2,thin_prior_sample_no_fade;clearing_observed(historical),11,3,7
Tavares N.,D,Ds;E,LAZ,7,2.5,6.0,0.5,0.0,0.0,0.0,25,2.0,6.033,6.033,6.095,6.15,0.185,,0.592,0.0,0.156,0.156,0.0,2.0,1.276,3.815,0.076,0.214,0.076,1.236,0.9953,1.856,194,12,0,0.7,1,1,75,True,0.5,0.4422,0.4941,86.8,169.5,212.9,126.1,7.6,7,25,51,26,thin_prior_sample_no_fade;clearing_observed(asta_xlsx),25,7,-26
Joao Mario,D,Dd;E,FIO,3,1.2,6.0,0.5,0.0,0.0,0.0,12,1.0,5.79,6.0,5.79,6.0,0.0,,0.368,0.071,0.071,0.143,0.0,1.0,0.281,0.733,0.025,0.066,0.025,0.628,1.0124,2.045,54,7,0,0.21,1,1,92,True,0.5,0.4422,0.4566,73.8,158.6,218.8,145.0,0.0,3,12,24,12,thin_prior_sample_no_fade;clearing_observed(asta_xlsx),12,3,-12
Ciervo,C,W,CAG,1,0.1,6.0,0.5,0.0,0.0,0.0,1,1.0,6.0,6.14,6.0,6.14,0.0,,0.184,,,,,,,,,,,,0.9604,1.472,0,0,0,0.0,0,1,12,False,0.0,0.4417,0.4417,32.8,107.2,203.5,170.7,0.0,1,1,1,1,floor_qi,1,1,0
Boga,A,W;A,JUV,7,2.7,6.0,0.5,0.0,0.0,0.0,27,6.0,6.165,6.862,6.107,6.707,0.117,0.0126,0.618,0.17,0.085,0.007,0.0,2.0,3.267,2.363,0.358,0.298,0.358,2.337,1.0076,1.992,167,9,1,0.949,1,1,78,True,0.5,0.4416,0.5149,70.4,172.3,245.9,175.5,39.9,7,27,11,6,thin_prior_sample_no_fade;clearing_observed(historical),27,7,16
Ngom,C,M;C,LEC,4,1.2,6.0,0.5,0.0,0.0,0.0,12,1.0,5.69,5.65,5.69,5.65,0.0,,0.342,0.0,0.0,0.077,0.0,1.0,0.241,0.191,0.026,0.02,0.026,0.531,0.9201,1.029,28,2,0,0.109,2,0,162,True,1.0,0.4415,0.4488,61.0,170.0,209.6,148.6,3.5,4,12,12,4,thin_prior_sample_no_fade,12,4,0
Ilic,C,M;C,LEC,1,1.0,6.0,0.5,0.0,0.0,0.0,10,6.0,5.982,5.993,6.005,6.127,0.064,-0.0026,0.601,0.07,0.054,0.14,0.0,4.0,0.807,2.362,0.071,0.156,0.071,0.857,0.9201,1.029,275,15,0,0.7,0,1,18,False,0.0,0.4415,0.4933,47.2,129.4,208.1,160.9,0.0,1,10,2,1,floor_qi;clearing_observed(historical),10,1,8
Kouadio,D,Dd;Dc,MON,3,1.4,6.0,0.5,0.0,0.0,0.0,14,1.0,6.0,6.0,6.0,6.0,0.0,,0.026,,,,,2.0,2.278,2.636,0.087,0.094,0.087,0.977,0.9337,1.178,0,0,0,0.0,2,0,180,True,1.0,0.4414,0.4414,77.5,185.5,217.6,140.1,23.6,3,14,4,2,thin_prior_sample_no_fade;clearing_observed(historical),14,3,10
Jovanovic,C,W;T,UDI,2,0.5,6.0,0.5,0.0,0.0,0.0,5,,,,,,,,,,,,,,,,,,,,0.965,1.523,132,3,1,0.813,0,0,0,False,0.0,0.4403,0.5014,52.4,140.0,215.8,163.4,0.0,2,5,5,2,floor_qi,5,2,0
Leysen F.,D,Ds;Dc,SAS,6,1.2,6.0,0.5,0.0,0.0,0.0,12,,,,,,,,,,,,,,,,,,,,0.9714,1.594,126,6,1,0.79,1,1,106,True,0.5,0.4393,0.4983,66.0,161.9,212.5,146.5,0.0,6,12,12,6,no_prior_data,12,6,0
Obert,D,B;Ds;E,CAG,7,1.5,6.0,0.5,0.0,0.0,0.0,15,4.0,5.815,5.812,5.765,5.765,0.241,0.06,0.461,0.015,0.061,0.197,0.0,3.0,1.038,1.672,0.047,0.094,0.047,0.411,0.9604,1.472,105,10,0,0.408,2,0,177,True,1.0,0.4392,0.4678,88.4,154.9,211.3,122.9,0.0,7,15,5,3,fade(0.98);clearing_observed(historical),15,7,10
Martinez Jo.,P,Por,INT,17,6.8,6.0,0.5,0.0,0.0,0.0,68,3.0,6.123,5.328,6.147,5.29,0.123,-0.07,0.404,0.0,0.0,0.056,0.0,1.0,1.261,0.421,0.353,0.118,0.353,3.913,1.1,3.009,140,12,0,0.544,2,0,180,True,1.0,0.4391,0.4781,51.5,155.0,192.9,141.4,9.8,17,68,1,1,goalkeeper_no_fade;clearing_observed(asta_xlsx),68,17,67
Cissè A.,C,W;T,MIL,5,2.4,6.0,0.5,0.0,0.0,0.0,24,1.0,,,,,0.0,,,,,,,,,,,,,,1.0464,2.419,143,2,1,0.856,2,0,125,True,1.0,0.439,0.5037,68.1,166.5,216.0,147.9,0.0,4,22,19,10,thin_prior_sample_no_fade;team_discount(MIL);clearing_observed(historical),22,4,3
Sulemana I.,C,M;C,SAS,3,0.7,6.0,0.5,0.0,0.0,0.0,7,4.0,5.883,6.272,5.918,6.19,0.17,-0.041,0.368,0.06,0.0,0.22,0.0,1.0,2.488,2.28,0.225,0.207,0.225,2.266,0.9714,1.594,122,7,0,0.474,0,0,0,False,0.0,0.4389,0.4725,41.4,124.1,212.2,170.8,0.0,3,7,7,3,thin_prior_sample_no_fade,7,3,0
Vitik,D,Dc,BOL,4,1.0,6.0,0.5,0.0,0.0,0.0,10,1.0,5.94,5.86,5.94,5.86,0.0,,0.474,0.0,0.0,0.167,0.0,1.0,0.738,0.171,0.05,0.012,0.05,0.545,1.004,1.952,127,12,0,0.494,0,2,0,False,0.0,0.4388,0.4739,37.8,113.3,197.9,160.1,0.0,4,10,10,5,thin_prior_sample_no_fade;clearing_observed(asta_xlsx),10,4,0
De Bruyne,C,T,NAP,17,10.8,6.0,0.5,0.0,0.0,0.0,108,1.0,6.26,7.24,6.26,7.24,0.0,,0.447,0.294,0.118,0.059,0.176,1.0,3.516,4.023,0.269,0.308,0.094,2.066,1.0241,2.173,327,10,1,1.0,0,2,57,False,0.0,0.4381,0.5154,68.5,169.0,234.9,166.4,2.5,14,92,141,70,thin_prior_sample_no_fade;team_discount(NAP);clearing_observed(asta_xlsx),92,14,-49
Mangas,D,Ds;E,MON,7,1.5,6.0,0.5,0.0,0.0,0.0,15,,,,,,,,,,,,,,,,,,,,0.9337,1.178,129,5,1,0.802,2,0,180,True,1.0,0.4381,0.498,69.1,161.9,212.5,143.4,0.0,7,15,7,3,no_prior_data;clearing_observed(historical),15,7,8
De Winter,D,Dd;Dc,MIL,5,2.0,6.0,0.5,0.0,0.0,0.0,20,5.0,5.798,5.94,4.634,4.672,2.317,1.162,0.592,0.044,0.022,0.178,0.0,4.0,1.412,0.477,0.05,0.023,0.05,0.381,1.0464,2.419,98,6,1,0.681,2,0,180,True,1.0,0.438,0.4878,67.5,152.7,215.7,148.2,0.0,4,18,5,2,thin_prior_sample_no_fade;team_discount(MIL);clearing_observed(historical),18,4,13
Amorim,C,M;C,GEN,4,1.1,6.0,0.5,0.0,0.0,0.0,11,1.0,5.72,5.67,5.72,5.67,0.0,,0.237,,,,,1.0,0.127,0.757,0.021,0.123,0.021,0.325,0.9593,1.46,0,0,0,0.0,1,1,87,True,0.5,0.4377,0.4377,65.5,160.4,215.0,149.5,0.0,4,11,2,1,thin_prior_sample_no_fade;clearing_observed(historical),11,4,9
Goglichidze,D,Dd;Dc,MON,2,0.5,6.0,0.5,0.0,0.0,0.0,5,3.0,4.795,4.693,3.837,3.763,2.713,2.875,0.513,0.0,0.03,0.091,0.0,2.0,0.457,0.219,0.025,0.013,0.025,0.272,0.9337,1.178,0,0,0,0.0,0,0,0,False,0.0,0.4376,0.4376,29.2,103.9,193.5,164.3,0.0,2,5,5,2,floor_qi,5,2,0
Pessina Mas.,P,Por,BOL,1,0.1,6.0,0.5,0.0,0.0,0.0,1,1.0,6.12,5.62,6.12,5.62,0.0,,0.105,,,,,,,,,,,,1.004,1.952,0,0,0,0.0,0,2,0,False,0.0,0.4375,0.4375,22.4,79.5,185.7,163.3,0.0,1,1,2,1,floor_qi;clearing_observed(historical),1,1,-1
Volpato,C,W;T,SAS,9,2.5,6.0,0.5,0.0,0.0,0.0,25,4.0,6.02,6.372,6.247,7.297,0.446,-0.273,0.296,0.079,0.105,0.132,0.0,3.0,1.055,1.794,0.115,0.257,0.115,1.768,0.9714,1.594,79,7,0,0.307,2,0,148,True,1.0,0.4372,0.4583,86.1,180.5,232.5,146.4,14.0,9,25,7,4,thin_prior_sample_no_fade;clearing_observed(historical),25,9,18
Bakoune,D,Dd;E,MON,2,0.4,6.0,0.5,0.0,0.0,0.0,4,,,,,,,,,,,,,,,,,,,,0.9337,1.178,142,2,1,0.852,1,1,70,True,0.5,0.4371,0.5011,66.0,161.9,212.5,146.5,0.0,2,4,2,1,floor_qi;clearing_observed(historical),4,2,2
Zarraga,C,M;C,UDI,2,0.4,6.0,0.5,0.0,0.0,0.0,4,3.0,5.813,5.985,5.867,6.19,0.144,-0.16,0.307,0.056,0.0,0.0,0.0,3.0,0.487,0.164,0.077,0.026,0.077,0.852,0.965,1.523,53,2,0,0.206,0,2,31,False,0.0,0.4371,0.451,30.7,111.6,203.8,173.1,0.0,2,4,4,2,floor_qi,4,2,0
Pavard,D,Dd;Dc,INT,6,1.4,6.0,0.5,0.0,0.0,0.0,14,3.0,6.315,6.29,6.28,6.247,0.184,0.105,0.386,0.0,0.07,0.233,0.0,2.0,0.621,1.055,0.038,0.058,0.038,0.632,1.1,3.009,139,8,0,0.541,1,1,90,True,0.5,0.4369,0.4755,78.8,170.2,218.0,139.2,8.3,6,14,4,2,thin_prior_sample_no_fade;clearing_observed(historical),14,6,10
Desplanches,P,Por,FRO,2,0.1,6.0,0.5,0.0,0.0,0.0,1,,,,,,,,,,,,,,,,,,,,0.9827,1.718,140,4,1,0.844,0,2,0,False,0.0,0.4368,0.5001,52.3,135.4,213.2,160.9,0.0,2,1,1,2,floor_qi,1,2,0
Tourè E.,A,Pc,PAR,10,3.7,6.0,0.5,0.0,0.0,0.0,37,1.0,,,,,0.0,,,,,,,1.0,1.883,1.041,0.459,0.254,0.459,2.927,0.9545,1.408,380,10,1,1.0,2,0,170,True,1.0,0.4365,0.5135,66.3,156.9,214.2,147.9,24.5,10,37,5,2,thin_prior_sample_no_fade;clearing_observed(historical),37,10,32
Bremer,D,Dc,JUV,16,6.0,6.0,0.5,0.0,0.0,0.0,60,8.0,6.372,6.605,6.14,6.316,0.258,0.0929,0.635,0.119,0.022,0.168,0.0,4.0,1.79,0.669,0.113,0.028,0.113,0.794,1.0076,1.992,341,6,1,1.0,2,0,180,True,1.0,0.4362,0.5132,87.8,202.8,239.6,151.8,40.9,11,42,66,33,fade(0.70);clearing_observed(asta_xlsx),42,11,-24
Belghali,D,Dd;E,TOR,7,2.0,6.0,0.5,0.0,0.0,0.0,20,1.0,6.1,6.21,6.1,6.21,0.0,,0.684,0.077,0.0,0.231,0.0,1.0,2.601,2.21,0.121,0.103,0.121,0.977,0.9571,1.436,313,8,1,1.0,0,0,0,False,0.0,0.436,0.513,47.3,147.2,206.5,159.2,0.0,6,17,17,6,fade(0.85),17,6,0
Fazzini,C,C;T,CAG,6,2.3,6.0,0.5,0.0,0.0,0.0,23,4.0,6.067,6.235,6.03,6.143,0.226,0.044,0.474,0.069,0.028,0.194,0.0,4.0,1.851,1.167,0.149,0.105,0.149,1.624,0.9604,1.472,215,14,0,0.7,2,0,123,True,1.0,0.436,0.4872,74.1,171.4,227.4,153.3,4.9,6,23,12,6,thin_prior_sample_no_fade;clearing_observed(asta_xlsx),23,6,11
Ferguson,C,M;C,BOL,7,2.3,6.0,0.5,0.0,0.0,0.0,23,4.0,6.002,6.177,6.135,6.49,0.217,-0.16,0.651,0.152,0.04,0.172,0.01,1.0,3.481,1.686,0.403,0.195,0.403,3.012,1.004,1.952,238,5,1,1.0,2,0,180,True,1.0,0.4359,0.5128,70.6,161.2,218.7,148.1,0.0,7,23,6,3,thin_prior_sample_no_fade;clearing_observed(historical),23,7,17
Kulenovic,A,Pc,TOR,4,0.9,6.0,0.5,0.0,0.0,0.0,9,1.0,5.71,5.79,5.71,5.79,0.0,,0.184,,,,,1.0,0.852,0.341,0.27,0.108,0.27,1.585,0.9571,1.436,0,0,0,0.0,0,2,26,False,0.0,0.4358,0.4358,34.0,102.6,196.7,162.7,0.0,4,9,2,1,thin_prior_sample_no_fade;clearing_observed(historical),9,4,7
Gabbia,D,Dc,MIL,7,1.5,6.0,0.5,0.0,0.0,0.0,15,7.0,5.978,6.03,5.844,5.809,0.21,0.0289,0.383,0.056,0.0,0.183,0.0,4.0,1.56,0.174,0.065,0.01,0.065,0.617,1.0464,2.419,121,8,0,0.471,0,2,17,False,0.0,0.4355,0.4686,46.7,104.9,195.6,148.9,0.0,6,13,2,1,fade(0.97);team_discount(MIL);clearing_observed(asta_xlsx),13,6,11
Marianucci,D,Dc,NAP,1,0.3,6.0,0.5,0.0,0.0,0.0,3,2.0,5.757,5.73,5.77,5.73,0.04,,0.316,0.0,0.042,0.083,0.0,2.0,0.229,0.564,0.034,0.058,0.034,0.515,1.0241,2.173,54,4,0,0.21,0,0,0,False,0.0,0.4352,0.4494,33.5,108.2,198.6,165.1,0.0,1,3,3,1,floor_qi;team_discount(NAP),3,1,0
Oristanio,C,W;T,TOR,6,1.2,6.0,0.5,0.0,0.0,0.0,12,3.0,5.923,6.137,5.977,6.213,0.141,-0.16,0.693,0.076,0.051,0.063,0.0,3.0,3.438,1.253,0.212,0.079,0.212,1.884,0.9571,1.436,201,10,1,1.0,0,2,0,False,0.0,0.4351,0.5119,41.0,130.0,209.6,168.6,0.0,6,12,23,12,thin_prior_sample_no_fade;clearing_observed(asta_xlsx),12,6,-11
Pessina,C,M;C,MON,6,1.5,6.0,0.5,0.0,0.0,0.0,15,7.0,6.092,6.248,6.081,6.344,0.093,-0.0021,0.647,0.126,0.042,0.12,0.042,3.0,2.933,1.194,0.141,0.046,0.063,0.751,0.9337,1.178,178,3,1,0.992,0,0,0,False,0.0,0.4347,0.5107,48.6,129.9,217.5,168.9,0.0,6,15,3,2,no_prior_data;clearing_observed(historical),15,6,12
Zambo Anguissa,C,C,NAP,10,4.1,6.0,0.5,0.0,0.0,0.0,41,5.0,6.192,6.728,6.186,6.5,0.199,-0.006,0.763,0.09,0.09,0.11,0.0,,,,,,,,1.0241,2.173,179,10,1,0.996,2,0,147,True,1.0,0.4343,0.5106,78.0,185.9,245.7,167.7,19.4,8,35,90,45,thin_prior_sample_no_fade;team_discount(NAP);clearing_observed(asta_xlsx),35,8,-55
Chukwueze,C,E;W,MIL,8,2.2,6.0,0.5,0.0,0.0,0.0,22,3.0,5.783,6.052,5.87,6.177,0.263,-0.26,0.325,0.111,0.111,0.028,0.0,2.0,2.634,2.98,0.239,0.279,0.239,2.811,1.0464,2.419,111,10,0,0.432,2,0,180,True,1.0,0.4337,0.4637,68.4,159.5,220.1,151.7,0.0,7,20,15,8,thin_prior_sample_no_fade;team_discount(MIL);clearing_observed(historical),20,7,5
Cambiaghi,C,W;A,BOL,8,2.5,6.0,0.5,0.0,0.0,0.0,25,5.0,6.063,6.41,4.902,5.204,2.452,1.187,0.678,0.107,0.087,0.087,0.0,4.0,2.395,2.209,0.171,0.134,0.171,2.2,1.004,1.952,213,6,1,1.0,2,0,150,True,1.0,0.4336,0.5101,67.8,159.2,231.7,163.9,0.0,8,25,2,1,thin_prior_sample_no_fade;clearing_observed(asta_xlsx),25,8,23
Ismajli,D,Dc,TOR,7,1.3,6.0,0.5,0.0,0.0,0.0,13,6.0,5.97,5.937,5.848,5.76,0.214,0.0694,0.596,0.007,0.022,0.154,0.0,4.0,0.587,0.223,0.022,0.009,0.022,0.263,0.9571,1.436,283,16,0,0.7,1,1,113,True,0.5,0.433,0.4838,69.0,162.0,210.7,141.7,0.1,7,13,2,1,thin_prior_sample_no_fade;clearing_observed(historical),13,7,11
Juan Jesus,D,Ds;Dc,VEN,4,1.0,6.0,0.5,0.0,0.0,0.0,10,11.0,5.815,5.692,5.75,5.676,0.265,0.0202,0.392,0.025,0.006,0.229,0.0,4.0,0.427,0.269,0.038,0.017,0.038,0.295,0.9494,1.351,98,8,0,0.381,0,0,0,False,0.0,0.4327,0.4589,41.3,113.3,180.8,139.5,0.0,4,10,10,4,thin_prior_sample_no_fade,10,4,0
Sverko,D,Ds;Dc,VEN,3,0.7,6.0,0.5,0.0,0.0,0.0,7,1.0,5.75,5.86,5.75,5.86,0.0,,0.368,0.071,0.0,0.214,0.0,1.0,0.201,0.38,0.016,0.03,0.016,0.24,0.9494,1.351,77,5,0,0.299,0,0,0,False,0.0,0.4327,0.453,43.9,106.3,194.4,150.5,0.0,3,7,7,3,no_prior_data,7,3,0
Vicario,P,Por,JUV,17,7.0,6.0,0.5,0.0,0.0,0.0,70,3.0,6.423,5.002,6.44,4.97,0.043,-0.05,0.64,0.0,0.0,0.058,0.0,1.0,,0.0,0.0,0.0,0.0,0.0,1.0076,1.992,176,7,1,0.984,2,0,179,True,1.0,0.4312,0.5059,37.3,149.2,192.2,154.9,4.0,17,70,63,31,goalkeeper_no_fade;clearing_observed(historical),70,17,7
Provedel,P,Por,INT,2,0.5,6.0,0.5,0.0,0.0,0.0,5,7.0,6.162,5.04,6.126,4.683,0.157,0.0389,0.752,0.0,0.0,0.025,0.0,4.0,,0.125,0.0,0.004,0.0,0.0,1.1,3.009,186,8,1,1.0,0,2,0,False,0.0,0.4311,0.5072,39.0,117.1,185.7,146.7,0.0,2,5,50,25,floor_qi;clearing_observed(asta_xlsx),5,2,-45
Ghedjemis,A,W;A,FRO,8,2.3,6.0,0.5,0.0,0.0,0.0,23,1.0,6.2,6.1,6.2,6.1,0.0,,0.132,,,,,1.0,0.244,0.119,,,,,0.9827,1.718,45,4,0,0.175,0,0,0,False,0.0,0.431,0.4426,34.4,99.6,206.3,171.9,0.0,8,23,4,2,no_prior_data;clearing_observed(historical),23,8,19
Carboni A.,D,Ds;Dc,MON,3,0.9,6.0,0.5,0.0,0.0,0.0,9,6.0,5.663,5.698,5.603,5.508,0.166,0.0303,0.43,0.011,0.034,0.157,0.0,2.0,0.719,0.347,0.044,0.017,0.044,0.633,0.9337,1.178,110,6,0,0.428,2,0,180,True,1.0,0.431,0.4606,76.6,145.1,205.9,129.3,0.0,3,9,2,1,no_prior_data;clearing_observed(historical),9,3,7
Jean,D,Dc,LEC,2,0.4,6.0,0.5,0.0,0.0,0.0,4,2.0,5.783,5.717,5.775,5.725,0.025,,0.303,0.0,0.0,0.0,0.0,2.0,0.025,0.029,0.004,0.003,0.004,0.058,0.9201,1.029,60,4,0,0.233,0,0,0,False,0.0,0.4309,0.4465,28.9,104.7,194.5,165.6,0.0,2,4,2,1,floor_qi;clearing_observed(historical),4,2,2
Ndaba,D,Ds;E,LEC,2,0.5,6.0,0.5,0.0,0.0,0.0,5,1.0,5.5,5.5,5.5,5.5,0.0,,0.237,,,,,1.0,0.129,0.051,0.022,0.009,0.022,0.338,0.9201,1.029,0,0,0,0.0,1,1,135,True,0.5,0.4308,0.4308,61.1,153.7,198.5,137.4,0.0,2,5,5,2,floor_qi,5,2,0
Gineitis,C,M;C,TOR,5,1.2,6.0,0.5,0.0,0.0,0.0,12,4.0,5.927,5.967,5.968,5.867,0.066,-0.049,0.441,0.055,0.036,0.182,0.0,3.0,1.185,1.753,0.082,0.127,0.082,1.568,0.9571,1.436,151,9,0,0.587,2,0,157,True,1.0,0.4306,0.4722,85.9,171.8,219.3,133.4,5.3,6,13,1,1,fade(1.12);clearing_observed(asta_xlsx),13,6,12
Gaetano,C,M;C,ATA,7,3.0,6.0,0.5,0.0,0.0,0.0,30,5.0,6.063,6.438,4.868,5.296,2.434,1.204,0.526,0.118,0.105,0.079,0.013,4.0,2.943,1.733,0.235,0.161,0.218,2.164,1.0354,2.298,163,9,1,0.934,2,0,180,True,1.0,0.4305,0.5006,69.6,165.7,231.6,162.0,0.0,7,29,23,11,fade(0.98);clearing_observed(historical),29,7,6
Loftus-Cheek,C,C;T,MIL,4,1.6,6.0,0.5,0.0,0.0,0.0,16,3.0,6.023,6.302,6.027,6.33,0.118,-0.01,0.596,0.132,0.029,0.147,0.0,3.0,2.978,1.655,0.187,0.105,0.187,1.671,1.0464,2.419,233,11,1,1.0,2,0,115,True,1.0,0.4303,0.5062,70.5,165.3,232.4,161.9,0.0,4,14,39,20,thin_prior_sample_no_fade;team_discount(MIL);clearing_observed(asta_xlsx),14,4,-25
Fitz-Jim,C,M;C,TOR,5,1.8,6.0,0.5,0.0,0.0,0.0,18,,,,,,,,,,,,,,,,,,,,0.9571,1.436,167,10,1,0.949,2,0,180,True,1.0,0.4303,0.5017,67.5,166.5,216.0,148.5,0.0,5,18,5,2,no_prior_data;clearing_observed(historical),18,5,13
Matic,C,M;C,SAS,6,1.5,6.0,0.5,0.0,0.0,0.0,15,3.0,4.007,4.033,4.04,4.093,2.858,-0.1,0.895,0.044,0.044,0.162,0.0,2.0,0.529,1.812,0.025,0.073,0.025,0.442,0.9714,1.594,71,8,0,0.276,2,0,163,True,1.0,0.4303,0.4489,75.1,146.2,205.9,130.8,0.0,6,16,3,2,fade(1.07);clearing_observed(historical),16,6,13
El Azzouzi O.,C,M;C,BOL,2,1.0,6.0,0.5,0.0,0.0,0.0,10,,,,,,,,,,,,,1.0,0.472,0.957,0.082,0.166,0.082,0.346,1.004,1.952,445,11,1,1.0,1,0,79,True,0.5,0.4302,0.5061,65.0,168.2,215.4,150.4,1.7,2,10,2,1,floor_qi;clearing_observed(historical),10,2,8
Folorunsho,C,C;T,MON,4,1.7,6.0,0.5,0.0,0.0,0.0,17,3.0,6.007,6.097,6.0,6.13,0.033,0.02,0.632,0.097,0.014,0.181,0.0,3.0,2.396,1.033,0.128,0.05,0.128,1.516,0.9337,1.178,204,17,1,1.0,0,1,36,False,0.0,0.4301,0.506,56.1,125.7,200.9,144.8,0.0,4,17,21,10,fade(1.00);clearing_observed(asta_xlsx),17,4,-4
Duncan,C,C,VEN,2,0.4,6.0,0.5,0.0,0.0,0.0,4,10.0,5.937,6.04,5.944,6.102,0.122,-0.0059,0.608,0.056,0.087,0.156,0.0,3.0,1.128,1.516,0.069,0.102,0.069,1.058,0.9494,1.351,142,7,1,0.852,0,0,0,False,0.0,0.4284,0.4912,43.1,126.8,202.9,159.8,0.0,2,4,2,1,floor_qi;clearing_observed(historical),4,2,2
Marin R.,D,Dc,NAP,2,0.8,6.0,0.5,0.0,0.0,0.0,8,1.0,6.0,5.83,6.0,5.83,0.0,,0.079,,,,,1.0,0.086,0.022,0.006,0.002,0.006,0.207,1.0241,2.173,15,3,0,0.058,2,0,171,True,1.0,0.4284,0.4322,76.8,178.6,213.9,137.1,16.7,2,7,5,3,floor_qi;team_discount(NAP);clearing_observed(historical),7,2,2
Havel,A,Pc,GEN,4,0.5,6.0,0.5,0.0,0.0,0.0,5,,,,,,,,,,,,,,,,,,,,0.9593,1.46,165,4,1,0.942,0,1,0,False,0.0,0.4282,0.4987,51.2,132.4,213.1,161.9,0.0,4,5,5,4,no_prior_data,5,4,0
Sow,C,M;C,GEN,7,1.5,6.0,0.5,0.0,0.0,0.0,15,,,,,,,,,,,,,,,,,,,,0.9593,1.46,165,10,1,0.942,1,1,73,True,0.5,0.4276,0.498,65.0,166.5,216.0,151.0,0.0,7,15,4,2,no_prior_data;clearing_observed(historical),15,7,11
Messias,C,W;T,GEN,4,0.8,6.0,0.5,0.0,0.0,0.0,8,6.0,6.12,6.408,6.1,6.548,0.102,-0.0034,0.61,0.173,0.065,0.094,0.007,4.0,2.081,1.295,0.192,0.115,0.158,2.016,0.9593,1.46,438,17,1,1.0,0,2,56,False,0.0,0.4272,0.5026,40.3,129.5,222.5,182.2,0.0,4,8,2,1,thin_prior_sample_no_fade;clearing_observed(historical),8,4,6
Chakvetadze,C,W;T,UDI,2,0.6,6.0,0.5,0.0,0.0,0.0,6,,,,,,,,,,,,,,,,,,,,0.965,1.523,184,5,1,1.0,0,0,0,False,0.0,0.4264,0.5017,52.4,140.0,207.9,155.5,0.0,2,6,6,2,floor_qi,6,2,0
Bowie,A,Pc,SAS,9,3.2,6.0,0.5,0.0,0.0,0.0,32,1.0,5.96,6.79,5.96,6.79,0.0,,0.368,0.286,0.0,0.071,0.0,1.0,4.099,0.441,0.305,0.033,0.305,2.453,0.9714,1.594,133,4,1,0.817,2,0,160,True,1.0,0.4263,0.4858,63.6,163.5,245.2,181.6,31.1,9,32,9,5,thin_prior_sample_no_fade;clearing_observed(historical),32,9,23
Pieragnolo,D,Ds;E,SAS,1,0.1,6.0,0.5,0.0,0.0,0.0,1,1.0,,,,,0.0,,,,,,,,,,,,,,0.9714,1.594,366,2,1,1.0,0,0,0,False,0.0,0.4262,0.5014,53.4,135.4,205.2,151.8,0.0,1,1,1,1,floor_qi,1,1,0
Lisman,A,W;A,VEN,1,0.1,6.0,0.5,0.0,0.0,0.0,1,,,,,,,,,,,,,,,,,,,,0.9494,1.351,308,4,1,1.0,0,1,0,False,0.0,0.4262,0.5014,51.2,132.4,206.1,154.9,0.0,1,1,1,1,floor_qi,1,1,0
Holm,D,Dd;E,BOL,6,1.3,6.0,0.5,0.0,0.0,0.0,13,5.0,6.015,6.273,4.806,4.962,2.404,1.206,0.447,0.059,0.103,0.191,0.0,4.0,1.376,1.581,0.126,0.13,0.126,1.315,1.004,1.952,250,15,0,0.7,1,1,93,True,0.5,0.4261,0.4761,73.9,166.9,221.8,147.9,5.0,6,13,2,1,thin_prior_sample_no_fade;clearing_observed(historical),13,6,11
Cacciamani,C,E;W,TOR,6,2.4,6.0,0.5,0.0,0.0,0.0,24,1.0,6.0,6.0,6.0,6.0,0.0,,0.026,,,,,,,,,,,,0.9571,1.436,0,0,0,0.0,2,0,171,True,1.0,0.426,0.426,76.6,187.2,220.3,143.7,20.7,6,24,13,7,no_prior_data;clearing_observed(historical),24,6,11
Kambwala,D,Dd;Dc,COM,3,0.8,6.0,0.5,0.0,0.0,0.0,8,,,,,,,,,,,,,,,,,,,,1.0068,1.982,306,4,1,1.0,0,1,0,False,0.0,0.4258,0.501,53.4,135.4,205.2,151.8,0.0,3,8,8,3,no_prior_data,8,3,0
Perez K.,C,C;T,VEN,5,1.5,6.0,0.5,0.0,0.0,0.0,15,1.0,6.03,6.16,6.03,6.16,0.0,,0.421,0.062,0.062,0.25,0.0,1.0,1.355,1.047,0.108,0.083,0.108,1.035,0.9494,1.351,242,11,0,0.7,2,0,150,True,1.0,0.4258,0.4758,76.9,173.1,213.6,136.7,6.6,5,15,3,2,no_prior_data;clearing_observed(historical),15,5,12
Bobcek,A,Pc,FRO,9,3.1,6.0,0.5,0.0,0.0,0.0,31,,,,,,,,,,,,,,,,,,,,0.9827,1.718,245,7,1,1.0,0,0,0,False,0.0,0.4255,0.5006,51.2,132.4,206.1,154.9,0.0,9,31,31,9,no_prior_data,31,9,0
Cittadini,D,Dc,FRO,4,0.8,6.0,0.5,0.0,0.0,0.0,8,1.0,6.0,5.83,6.0,5.83,0.0,,0.079,,,,,1.0,,0.0,,,,,0.9827,1.718,15,2,0,0.058,1,1,106,True,0.5,0.4252,0.4289,76.8,164.3,210.3,133.5,2.4,4,8,2,1,no_prior_data;clearing_observed(historical),8,4,6
Correia T.,D,Dd;Ds;E,VEN,5,1.2,6.0,0.5,0.0,0.0,0.0,12,1.0,,,,,0.0,,,,,,,,,,,,,,0.9494,1.351,421,9,1,1.0,1,1,88,True,0.5,0.4247,0.4997,66.0,163.6,211.9,145.9,1.7,5,12,5,3,no_prior_data;clearing_observed(historical),12,5,7
Neres,A,W;A,NAP,6,2.0,6.0,0.5,0.0,0.0,0.0,20,2.0,6.233,6.8,6.255,6.78,0.065,,0.539,0.122,0.195,0.122,0.0,2.0,1.988,3.581,0.183,0.293,0.183,1.882,1.0241,2.173,432,13,1,1.0,0,2,10,False,0.0,0.4247,0.4997,49.6,140.4,234.9,185.3,8.0,5,17,20,10,thin_prior_sample_no_fade;team_discount(NAP);clearing_observed(asta_xlsx),17,5,-3
Birligea,A,Pc,FRO,5,1.1,6.0,0.5,0.0,0.0,0.0,11,,,,,,,,,,,,,,,,,,,,0.9827,1.718,242,10,1,1.0,0,1,1,False,0.0,0.4244,0.4993,51.2,132.4,206.1,154.9,0.0,5,11,11,5,no_prior_data,11,5,0
Frigan,A,A,PAR,4,0.6,6.0,0.5,0.0,0.0,0.0,6,1.0,,,,,0.0,,,,,,,,,,,,,,0.9545,1.408,367,6,1,1.0,0,2,0,False,0.0,0.4242,0.499,51.2,132.4,206.1,154.9,0.0,4,6,6,4,thin_prior_sample_no_fade,6,4,0
Badiashile,D,Dc,NAP,7,1.8,6.0,0.5,0.0,0.0,0.0,18,,,,,,,,,,,,,,,,,,,,1.0241,2.173,415,12,1,1.0,0,0,0,False,0.0,0.4242,0.499,53.4,135.4,205.2,151.8,0.0,6,15,10,5,no_prior_data;team_discount(NAP);clearing_observed(historical),15,6,5
Casale,D,Dc,BOL,3,0.5,6.0,0.5,0.0,0.0,0.0,5,5.0,5.648,5.593,5.762,5.702,0.142,-0.077,0.563,0.01,0.031,0.227,0.0,4.0,0.627,0.264,0.039,0.017,0.039,0.394,1.004,1.952,175,14,0,0.681,0,1,0,False,0.0,0.424,0.4722,35.0,109.5,184.3,149.3,0.0,3,5,2,1,thin_prior_sample_no_fade;clearing_observed(historical),5,3,3
Trepy,A,Pc,CAG,1,0.2,6.0,0.5,0.0,0.0,0.0,2,1.0,5.67,5.67,5.67,5.67,0.0,,0.079,,,,,1.0,0.598,0.146,,,,,0.9604,1.472,0,0,0,0.0,0,0,0,False,0.0,0.4234,0.4234,33.5,97.1,190.9,157.4,0.0,1,2,2,1,floor_qi,2,1,0
Hien,D,Dc,ATA,7,1.1,6.0,0.5,0.0,0.0,0.0,11,4.0,5.93,5.827,5.938,5.815,0.016,-0.009,0.73,0.009,0.0,0.252,0.0,4.0,0.919,0.074,0.027,0.003,0.027,0.291,1.0354,2.298,231,13,1,1.0,0,0,0,False,0.0,0.4234,0.4981,52.6,139.3,193.6,141.0,0.0,7,11,26,13,fade(0.96);clearing_observed(asta_xlsx),11,7,-15
Gaspar K.,D,Dc,LEC,5,1.2,6.0,0.5,0.0,0.0,0.0,12,2.0,5.943,5.81,6.0,5.895,0.17,,0.592,0.0,0.022,0.2,0.0,2.0,0.785,0.515,0.035,0.023,0.035,0.566,0.9201,1.029,147,4,1,0.872,2,0,180,True,1.0,0.4225,0.4861,68.3,162.0,206.3,138.0,0.1,5,12,6,3,thin_prior_sample_no_fade;clearing_observed(asta_xlsx),12,5,6
Ciurria,C,E;W,MON,2,0.6,6.0,0.5,0.0,0.0,0.0,6,3.0,5.88,6.088,5.947,6.223,0.174,-0.2,0.649,0.095,0.108,0.095,0.0,3.0,1.512,3.632,0.108,0.179,0.108,1.464,0.9337,1.178,210,7,1,1.0,0,0,0,False,0.0,0.4222,0.4967,49.3,130.2,213.7,164.4,0.0,2,6,2,1,floor_qi;clearing_observed(historical),6,2,4
Dele-Bashiru,C,C;T,LAZ,5,1.3,6.0,0.5,0.0,0.0,0.0,13,2.0,5.813,6.103,5.875,6.24,0.185,,0.5,0.105,0.026,0.0,0.0,2.0,0.885,0.955,0.089,0.082,0.089,1.068,0.9953,1.856,107,8,1,0.716,1,0,54,True,0.5,0.4221,0.4729,54.6,150.8,216.7,162.1,0.0,5,13,9,4,thin_prior_sample_no_fade;clearing_observed(asta_xlsx),13,5,4
Olivera,D,B;Ds;E,NAP,5,1.3,6.0,0.5,0.0,0.0,0.0,13,4.0,5.872,5.838,5.917,5.973,0.136,-0.055,0.645,0.031,0.02,0.122,0.0,4.0,1.397,1.555,0.059,0.081,0.059,0.585,1.0241,2.173,172,12,1,0.969,1,1,65,True,0.5,0.4218,0.4935,62.6,162.5,211.5,148.9,0.6,4,11,8,4,thin_prior_sample_no_fade;team_discount(NAP);clearing_observed(asta_xlsx),11,4,3
Helland,D,Dd;Dc,BOL,3,1.2,6.0,0.5,0.0,0.0,0.0,12,1.0,5.5,5.33,5.5,5.33,0.0,,0.158,,,,,1.0,0.1,0.15,0.018,0.027,0.018,0.181,1.004,1.952,7,3,0,0.027,2,0,180,True,1.0,0.4215,0.4232,63.0,170.6,200.4,137.4,8.7,3,12,4,2,thin_prior_sample_no_fade;clearing_observed(historical),12,3,8
Maldini,A,T;A,CAG,5,2.1,6.0,0.5,0.0,0.0,0.0,21,7.0,6.008,6.513,5.221,5.639,2.135,0.4186,0.351,0.184,0.026,0.105,0.0,4.0,3.944,1.046,0.305,0.102,0.305,2.641,0.9604,1.472,152,11,1,0.891,2,0,165,True,1.0,0.4214,0.4864,70.9,163.6,236.1,165.2,31.2,5,21,28,14,thin_prior_sample_no_fade;clearing_observed(asta_xlsx),21,5,-7
Cataldi,C,M;C,LAZ,4,1.2,6.0,0.5,0.0,0.0,0.0,12,11.0,6.045,6.33,5.921,6.038,0.17,0.0326,0.574,0.058,0.058,0.25,0.008,4.0,1.672,1.151,0.051,0.058,0.031,0.722,0.9953,1.856,224,10,1,1.0,0,0,0,False,0.0,0.4207,0.4949,44.8,132.3,207.8,163.0,0.0,4,11,4,2,fade(0.95);clearing_observed(historical),11,4,7
Stones,D,Dc,INT,12,2.5,6.0,0.5,0.0,0.0,0.0,25,,,,,,,,,,,,,,,,,,,,1.1,3.009,339,12,1,1.0,0,2,37,False,0.0,0.4204,0.4946,55.0,135.3,212.3,157.3,0.0,12,25,20,10,no_prior_data;clearing_observed(historical),25,12,5
Kvernadze,A,W;A,FRO,6,2.4,6.0,0.5,0.0,0.0,0.0,24,1.0,5.75,5.75,5.75,5.75,0.0,,0.053,,,,,1.0,,0.0,,,,,0.9827,1.718,0,0,0,0.0,2,0,180,True,1.0,0.4201,0.4201,61.8,173.0,212.4,150.6,40.6,6,24,4,2,no_prior_data;clearing_observed(historical),24,6,20
Odgaard,C,T,BOL,8,1.7,6.0,0.5,0.0,0.0,0.0,17,4.0,6.038,6.752,6.067,6.612,0.12,-0.035,0.395,0.22,0.06,0.04,0.0,3.0,3.341,1.207,0.219,0.086,0.219,2.245,1.004,1.952,146,9,1,0.868,2,0,150,True,1.0,0.4199,0.4828,60.8,159.8,239.9,179.1,0.0,8,17,71,36,thin_prior_sample_no_fade;clearing_observed(asta_xlsx),17,8,-54
Van Der Brempt,D,Dd;E,SAS,2,1.1,6.0,0.5,0.0,0.0,0.0,11,2.0,5.953,5.947,5.95,5.94,0.01,,0.421,0.0,0.062,0.156,0.0,2.0,0.3,0.621,0.031,0.052,0.031,0.415,0.9714,1.594,229,11,0,0.7,0,0,0,False,0.0,0.4198,0.469,38.4,109.8,197.5,159.1,0.0,2,11,2,1,floor_qi;clearing_observed(historical),11,2,9
Parisi,D,Ds;E,FIO,4,1.0,6.0,0.5,0.0,0.0,0.0,10,5.0,5.958,6.003,5.952,5.966,0.15,0.008,0.632,0.042,0.025,0.233,0.0,4.0,0.98,1.741,0.061,0.09,0.061,0.855,1.0124,2.045,210,6,1,1.0,0,0,0,False,0.0,0.4189,0.4928,51.5,124.0,193.9,142.4,0.0,4,10,2,1,thin_prior_sample_no_fade;clearing_observed(historical),10,4,8
Diao,A,W;A,COM,12,5.0,6.0,0.5,0.0,0.0,0.0,50,2.0,6.167,6.897,6.25,7.155,0.25,,0.395,0.3,0.033,0.133,0.0,2.0,3.289,1.232,0.255,0.094,0.255,2.244,1.0068,1.982,221,7,1,1.0,1,1,110,True,0.5,0.4187,0.4926,73.8,159.4,246.3,172.5,27.0,12,50,4,2,thin_prior_sample_no_fade;clearing_observed(asta_xlsx),50,12,46
Jimenez A.,D,Dd;Ds;E,FIO,7,1.8,6.0,0.5,0.0,0.0,0.0,18,3.0,5.567,5.193,5.483,5.11,0.388,0.25,0.202,0.0,0.0,0.286,0.0,1.0,1.275,1.689,0.089,0.118,0.089,1.051,1.0124,2.045,62,4,0,0.241,1,1,112,True,0.5,0.4187,0.4344,53.6,136.2,192.9,139.3,0.0,7,18,22,11,thin_prior_sample_no_fade;clearing_observed(historical),18,7,-4
Sulemana K.,A,A,ATA,6,0.8,6.0,0.5,0.0,0.0,0.0,8,1.0,6.0,6.24,6.0,6.24,0.0,,0.553,0.095,0.048,0.19,0.0,1.0,2.488,2.28,0.225,0.207,0.225,2.266,1.0354,2.298,218,9,1,1.0,0,2,0,False,0.0,0.4185,0.4923,41.3,120.9,210.7,169.4,0.0,6,8,1,1,thin_prior_sample_no_fade;clearing_observed(asta_xlsx),8,6,7
Bakola,C,C;T,SAS,6,1.4,6.0,0.5,0.0,0.0,0.0,14,1.0,6.17,6.17,6.17,6.17,0.0,,0.079,,,,,1.0,0.127,0.474,,,,,0.9714,1.594,66,3,0,0.257,2,0,180,True,1.0,0.4181,0.4349,83.6,179.8,219.6,136.0,13.3,6,14,5,3,thin_prior_sample_no_fade;clearing_observed(historical),14,6,9
Arizala,D,Ds;E,UDI,4,0.8,6.0,0.5,0.0,0.0,0.0,8,1.0,5.8,5.8,5.8,5.8,0.0,,0.132,,,,,1.0,0.027,0.135,,,,,0.965,1.523,42,2,0,0.163,0,2,10,False,0.0,0.4172,0.4277,34.0,103.4,197.8,163.8,0.0,4,8,2,1,thin_prior_sample_no_fade;clearing_observed(historical),8,4,6
Meret,P,Por,NAP,11,4.8,6.0,0.5,0.0,0.0,0.0,48,10.0,6.232,5.322,5.569,4.73,1.863,0.3268,0.55,0.0,0.006,0.006,0.0,4.0,,0.114,0.0,0.004,0.0,0.0,1.0241,2.173,199,12,1,1.0,2,0,180,True,1.0,0.4169,0.4905,53.1,145.2,192.8,139.7,0.0,9,41,85,42,goalkeeper_no_fade;team_discount(NAP);clearing_observed(asta_xlsx),41,9,-44
Maleh,C,M;C,LEC,3,0.7,6.0,0.5,0.0,0.0,0.0,7,5.0,5.75,5.715,5.836,5.828,0.126,-0.075,0.637,0.025,0.033,0.223,0.0,4.0,1.131,1.083,0.055,0.058,0.055,0.938,0.9201,1.029,174,5,1,0.977,0,2,74,False,0.0,0.416,0.4874,51.3,118.4,198.2,146.9,0.0,3,7,2,1,thin_prior_sample_no_fade;clearing_observed(historical),7,3,5
Kristensen T.,D,Dd;Dc,ATA,6,2.0,6.0,0.5,0.0,0.0,0.0,20,3.0,5.812,5.94,5.78,5.86,0.168,0.095,0.658,0.053,0.013,0.147,0.0,1.0,0.668,0.778,0.034,0.04,0.034,0.463,1.0354,2.298,188,9,1,1.0,0,0,0,False,0.0,0.4157,0.4891,48.4,123.5,199.8,151.4,0.0,5,17,3,2,fade(0.85);clearing_observed(asta_xlsx),17,5,14
Scalvini,D,Dc,ATA,10,2.8,6.0,0.5,0.0,0.0,0.0,28,5.0,5.873,6.003,5.906,6.012,0.208,-0.025,0.563,0.068,0.039,0.126,0.0,4.0,2.179,0.976,0.085,0.05,0.085,0.763,1.0354,2.298,444,17,1,1.0,2,0,180,True,1.0,0.4151,0.4883,65.3,162.5,215.1,149.8,0.6,10,28,15,8,thin_prior_sample_no_fade;clearing_observed(asta_xlsx),28,10,13
Kone B.,C,C,FRO,1,0.3,6.0,0.5,0.0,0.0,0.0,3,2.0,5.667,5.667,5.5,5.5,0.5,,0.026,,,,,1.0,5.083,1.76,0.164,0.057,0.164,0.741,0.9827,1.718,124,12,0,0.482,0,0,0,False,0.0,0.4148,0.4471,33.8,106.8,198.7,164.9,0.0,1,3,3,1,floor_qi,3,1,0
Gelli F.,C,C;T,FRO,3,0.6,6.0,0.5,0.0,0.0,0.0,6,1.0,5.85,5.78,5.85,5.78,0.0,,0.526,0.0,0.0,0.15,0.0,1.0,0.77,3.516,0.044,0.203,0.044,0.576,0.9827,1.718,146,6,1,0.868,0,0,0,False,0.0,0.4145,0.4765,35.6,113.5,196.2,160.6,0.0,3,6,6,3,no_prior_data,6,3,0
Kolasinac,D,Ds;Dc,ATA,6,0.8,6.0,0.5,0.0,0.0,0.0,8,3.0,6.063,5.975,6.063,5.997,0.047,-0.0,0.605,0.014,0.029,0.203,0.0,3.0,0.523,1.214,0.035,0.061,0.035,0.437,1.0354,2.298,340,17,1,1.0,1,1,97,True,0.5,0.4142,0.4873,72.1,163.7,209.3,137.2,1.8,6,8,2,1,thin_prior_sample_no_fade;clearing_observed(historical),8,6,6
Scamacca,A,Pc,ATA,19,11.0,6.0,0.5,0.0,0.0,0.0,110,9.0,4.158,5.09,3.442,4.014,3.08,0.2228,0.574,0.426,0.083,0.102,0.046,2.0,8.67,2.581,0.558,0.168,0.509,3.811,1.0354,2.298,447,10,1,1.0,2,0,128,True,1.0,0.4141,0.4872,59.7,146.7,203.1,143.4,14.3,19,110,82,41,thin_prior_sample_no_fade;clearing_observed(asta_xlsx),110,19,28
Almqvist,C,W;A,PAR,4,1.1,6.0,0.5,0.0,0.0,0.0,11,3.0,5.897,6.002,5.903,6.013,0.082,-0.02,0.57,0.054,0.036,0.179,0.0,3.0,1.351,2.177,0.132,0.161,0.132,1.746,0.9545,1.408,200,11,1,1.0,0,2,35,False,0.0,0.4139,0.4869,44.1,124.3,202.1,158.0,0.0,4,11,2,1,thin_prior_sample_no_fade;clearing_observed(historical),11,4,9
Kalulu,D,Dd;Dc,JUV,14,4.7,6.0,0.5,0.0,0.0,0.0,47,6.0,6.053,6.168,5.958,6.067,0.232,0.0466,0.605,0.041,0.05,0.099,0.0,,,,,,,,1.0076,1.992,233,6,1,1.0,2,0,180,True,1.0,0.4128,0.4857,70.4,158.5,215.4,145.0,0.0,11,38,29,14,fade(0.82);clearing_observed(asta_xlsx),38,11,9
Liteta,C,M;C,CAG,1,0.1,6.0,0.5,0.0,0.0,0.0,1,1.0,5.75,5.75,5.75,5.75,0.0,,0.105,,,,,,,,,,,,0.9604,1.472,49,3,0,0.191,0,2,0,False,0.0,0.4125,0.4247,33.8,109.2,201.2,167.4,0.0,1,1,1,1,floor_qi,1,1,0
Traorè Hj.,C,W;T,GEN,4,1.1,6.0,0.5,0.0,0.0,0.0,11,6.0,5.862,6.03,6.012,6.337,0.163,-0.0626,0.601,0.14,0.07,0.132,0.0,2.0,0.775,1.067,0.149,0.197,0.149,1.663,0.9593,1.46,343,9,1,1.0,0,0,0,False,0.0,0.4124,0.4852,48.2,122.7,212.7,164.5,0.0,4,11,2,1,no_prior_data;clearing_observed(historical),11,4,9
Spence,D,E,INT,11,3.7,6.0,0.5,0.0,0.0,0.0,37,1.0,6.0,5.97,6.0,5.97,0.0,,0.395,0.0,0.0,0.067,0.0,1.0,0.089,0.237,0.01,0.026,0.01,0.215,1.1,3.009,120,8,1,0.767,0,0,0,False,0.0,0.4097,0.463,35.1,107.7,199.1,164.0,0.0,11,37,28,14,no_prior_data;clearing_observed(historical),37,11,9
Moreno M.,D,Dc,VEN,4,0.6,6.0,0.5,0.0,0.0,0.0,6,1.0,5.67,5.67,5.67,5.67,0.0,,0.079,,,,,2.0,1.192,1.771,0.06,0.107,0.06,0.755,0.9494,1.351,62,4,0,0.241,0,0,0,False,0.0,0.4092,0.4245,33.5,100.2,192.8,159.3,0.0,4,6,6,4,no_prior_data,6,4,0
Pobega,C,M;C,BOL,6,1.2,6.0,0.5,0.0,0.0,0.0,12,6.0,5.92,6.157,6.022,6.325,0.137,-0.0574,0.504,0.157,0.037,0.25,0.0,4.0,1.808,0.611,0.148,0.058,0.148,1.758,1.004,1.952,198,8,1,1.0,1,1,72,True,0.5,0.4091,0.4813,60.8,163.0,203.8,143.0,0.0,6,12,3,2,thin_prior_sample_no_fade;clearing_observed(historical),12,6,9
Gorter,C,M;C,LEC,3,1.2,6.0,0.5,0.0,0.0,0.0,12,1.0,5.5,5.5,5.5,5.5,0.0,,0.026,,,,,,,,,,,,0.9201,1.029,0,0,0,0.0,2,0,106,True,1.0,0.4087,0.4087,63.3,174.7,207.9,144.6,8.2,3,12,3,1,thin_prior_sample_no_fade;clearing_observed(historical),12,3,9
Stankovic A.,C,M;C,INT,3,0.7,6.0,0.5,0.0,0.0,0.0,7,2.0,4.4,3.487,3.3,2.615,3.3,,0.395,0.0,0.0,0.067,0.0,1.0,,0.0,0.0,0.0,0.0,0.0,1.1,3.009,0,0,0,0.0,0,2,11,False,0.0,0.4078,0.4078,29.0,109.4,193.2,164.2,0.0,3,7,2,1,no_prior_data;clearing_observed(historical),7,3,5
Fini,C,W,FRO,4,1.3,6.0,0.5,0.0,0.0,0.0,13,1.0,5.5,5.5,5.5,5.5,0.0,,0.026,,,,,,,,,,,,0.9827,1.718,0,0,0,0.0,2,0,104,True,1.0,0.4077,0.4077,63.3,174.7,207.9,144.6,8.2,4,13,2,1,thin_prior_sample_no_fade;clearing_observed(historical),13,4,11
Gagliardini,C,M;C,CAG,3,0.8,6.0,0.5,0.0,0.0,0.0,8,11.0,5.825,5.767,5.919,6.098,0.165,-0.0231,0.51,0.087,0.039,0.223,0.0,4.0,1.452,0.62,0.112,0.041,0.112,1.094,0.9604,1.472,290,10,1,1.0,0,0,0,False,0.0,0.4072,0.4791,40.7,114.9,193.9,153.2,0.0,3,9,9,3,fade(1.11),9,3,0
Palma,D,Dc,UDI,3,1.1,6.0,0.5,0.0,0.0,0.0,11,1.0,5.5,5.5,5.5,5.5,0.0,,0.105,,,,,1.0,,0.0,,,,,0.965,1.523,43,5,0,0.167,1,0,45,True,0.5,0.4063,0.4167,56.8,151.7,198.5,141.7,0.0,3,11,3,2,thin_prior_sample_no_fade;clearing_observed(historical),11,3,8
Corvi,P,Por,PAR,2,1.0,6.0,0.5,0.0,0.0,0.0,10,2.0,4.12,3.393,3.09,2.545,3.09,,0.447,0.0,0.0,0.059,0.0,1.0,,0.0,0.0,0.0,0.0,0.0,0.9545,1.408,0,0,0,0.0,2,0,180,True,1.0,0.4059,0.4059,54.1,161.3,197.9,143.8,16.1,2,10,6,3,floor_qi;clearing_observed(historical),10,2,4
Helgason,C,C;T,VEN,3,0.3,6.0,0.5,0.0,0.0,0.0,3,4.0,4.82,4.897,4.36,4.417,2.521,0.552,0.246,0.0,0.235,0.0,0.0,3.0,0.581,0.527,0.099,0.096,0.099,1.273,0.9494,1.351,16,4,0,0.062,0,2,0,False,0.0,0.4053,0.4091,21.1,91.9,200.5,179.4,0.0,3,3,1,1,thin_prior_sample_no_fade;clearing_observed(asta_xlsx),3,3,2
Kossounou,D,Dd;Dc,ATA,4,1.2,6.0,0.5,0.0,0.0,0.0,12,2.0,5.94,6.03,5.94,6.0,0.0,,0.434,0.03,0.0,0.061,0.0,2.0,0.539,0.162,0.058,0.014,0.058,0.47,1.0354,2.298,157,6,1,0.911,2,0,180,True,1.0,0.405,0.4691,68.9,149.9,211.4,142.5,0.0,4,12,1,1,thin_prior_sample_no_fade;clearing_observed(asta_xlsx),12,4,11
Jashari,C,M;C,MIL,5,1.3,6.0,0.5,0.0,0.0,0.0,13,1.0,5.71,5.79,5.71,5.79,0.0,,0.316,0.0,0.083,0.0,0.0,1.0,0.243,1.13,0.031,0.145,0.031,0.896,1.0464,2.419,82,7,1,0.619,1,1,72,True,0.5,0.4043,0.4457,48.0,146.0,214.9,166.9,0.0,4,12,4,2,thin_prior_sample_no_fade;team_discount(MIL);clearing_observed(historical),12,4,8
Adzic,C,C;T,SAS,6,1.6,6.0,0.5,0.0,0.0,0.0,16,2.0,6.08,6.587,6.06,6.44,0.06,,0.066,,,,,2.0,0.16,0.091,,,,,0.9714,1.594,110,7,0,0.428,2,0,124,True,1.0,0.4036,0.4313,76.8,172.9,242.4,165.6,6.4,6,16,5,3,thin_prior_sample_no_fade;clearing_observed(historical),16,6,11
Motta,P,Por,LAZ,1,0.1,6.0,0.5,0.0,0.0,0.0,1,1.0,6.0,5.17,6.0,5.17,0.0,,0.237,,,,,1.0,,0.046,0.0,0.005,0.0,0.0,0.9953,1.856,93,7,1,0.662,0,2,0,False,0.0,0.4029,0.4473,29.5,90.0,185.0,155.5,0.0,1,1,3,1,floor_qi;clearing_observed(historical),1,1,-2
Rovella,C,M;C,LAZ,7,1.6,6.0,0.5,0.0,0.0,0.0,16,7.0,5.922,5.832,5.999,5.974,0.146,-0.0082,0.489,0.008,0.102,0.281,0.0,4.0,0.638,1.707,0.05,0.097,0.05,0.807,0.9953,1.856,264,11,1,1.0,2,0,127,True,1.0,0.4014,0.4722,76.1,165.5,208.2,132.1,0.0,7,16,1,1,thin_prior_sample_no_fade;clearing_observed(asta_xlsx),16,7,15
Zanoli,D,Dd;E,UDI,4,1.0,6.0,0.5,0.0,0.0,0.0,10,5.0,5.967,6.09,5.942,6.014,0.076,0.017,0.474,0.048,0.071,0.131,0.0,4.0,0.303,1.358,0.064,0.088,0.064,0.537,0.965,1.523,278,7,1,1.0,0,0,0,False,0.0,0.4013,0.4721,39.6,121.6,202.1,162.5,0.0,4,10,1,1,thin_prior_sample_no_fade;clearing_observed(asta_xlsx),10,4,9
Romero D.,A,Pc,PAR,10,3.7,6.0,0.5,0.0,0.0,0.0,37,1.0,6.0,3.88,6.0,3.88,0.0,,0.421,0.0,0.0,0.125,0.0,1.0,0.858,0.036,,,,,0.9545,1.408,196,9,1,1.0,0,2,28,False,0.0,0.4013,0.4721,38.9,102.6,200.2,161.3,0.0,10,37,4,2,no_prior_data;clearing_observed(historical),37,10,33
Lang,A,A,NAP,4,1.4,6.0,0.5,0.0,0.0,0.0,14,1.0,6.04,6.32,6.04,6.32,0.0,,0.368,0.071,0.143,0.143,0.0,1.0,1.365,1.975,0.19,0.276,0.19,1.256,1.0241,2.173,287,11,1,1.0,1,1,80,True,0.5,0.4009,0.4716,86.2,153.4,235.3,149.1,21.0,3,12,3,2,thin_prior_sample_no_fade;team_discount(NAP);clearing_observed(asta_xlsx),12,3,9
Gilmour,C,M;C,NAP,3,1.0,6.0,0.5,0.0,0.0,0.0,10,2.0,6.053,6.2,6.04,6.165,0.04,,0.395,0.033,0.033,0.033,0.0,2.0,0.59,0.994,0.055,0.091,0.055,0.873,1.0241,2.173,223,6,1,1.0,0,2,0,False,0.0,0.3994,0.4699,30.9,109.7,201.1,170.2,0.0,3,8,2,1,thin_prior_sample_no_fade;team_discount(NAP);clearing_observed(historical),8,3,6
Valenti,D,Dc,PAR,4,1.0,6.0,0.5,0.0,0.0,0.0,10,3.0,5.837,5.772,5.75,5.707,0.224,0.26,0.491,0.021,0.0,0.234,0.0,2.0,0.391,0.657,0.016,0.031,0.016,0.566,0.9545,1.408,310,12,1,1.0,0,2,0,False,0.0,0.3994,0.4699,41.8,111.3,182.7,140.9,0.0,4,10,3,2,fade(0.97);clearing_observed(historical),10,4,7
Walukiewicz,D,Dd;Dc,SAS,4,1.0,6.0,0.5,0.0,0.0,0.0,10,7.0,5.775,5.692,5.714,5.663,0.117,0.0379,0.515,0.0,0.016,0.172,0.0,4.0,0.251,0.662,0.012,0.032,0.012,0.232,0.9714,1.594,191,10,1,1.0,0,0,0,False,0.0,0.399,0.4694,36.1,112.0,189.0,152.9,0.0,4,10,4,2,fade(1.00);clearing_observed(historical),10,4,6
Sommariva,P,Por,GEN,1,0.1,6.0,0.5,0.0,0.0,0.0,1,3.0,5.208,3.875,4.25,3.25,3.048,2.875,0.039,,,,,,,,,,,,0.9593,1.46,0,0,0,0.0,0,2,0,False,0.0,0.3989,0.3989,23.4,87.3,185.5,162.1,0.0,1,1,2,1,floor_qi;clearing_observed(historical),1,1,-1
Carboni F.,D,Ds;E,PAR,1,0.3,6.0,0.5,0.0,0.0,0.0,3,4.0,4.967,4.9,4.537,4.487,2.623,0.515,0.079,,,,,2.0,0.719,0.347,0.044,0.017,0.044,0.633,0.9545,1.408,6,2,0,0.023,0,2,0,False,0.0,0.3987,0.4001,29.8,95.6,188.0,158.2,0.0,1,3,3,1,floor_qi,3,1,0
Anjorin,C,C;T,TOR,1,0.4,6.0,0.5,0.0,0.0,0.0,4,2.0,5.953,6.027,6.04,6.18,0.26,,0.408,0.091,0.136,0.136,0.0,2.0,0.666,1.202,0.091,0.156,0.091,1.755,0.9571,1.436,279,11,1,1.0,0,1,0,False,0.0,0.3986,0.469,52.5,115.6,209.6,157.1,0.0,1,4,1,1,floor_qi;clearing_observed(asta_xlsx),4,1,3
Siebert,D,Dc,LEC,4,1.2,6.0,0.5,0.0,0.0,0.0,12,1.0,5.68,5.76,5.68,5.76,0.0,,0.5,0.053,0.0,0.158,0.0,1.0,0.48,0.315,0.025,0.017,0.025,0.317,0.9201,1.029,215,5,1,1.0,2,0,180,True,1.0,0.3967,0.4667,54.0,141.5,203.9,149.9,0.0,4,12,3,2,thin_prior_sample_no_fade;clearing_observed(historical),12,4,9
Felici,C,W,CAG,5,0.7,6.0,0.5,0.0,0.0,0.0,7,2.0,5.977,6.357,5.94,6.26,0.11,,0.382,0.069,0.138,0.138,0.0,2.0,1.256,0.991,0.168,0.137,0.168,1.31,0.9604,1.472,211,4,1,1.0,0,2,24,False,0.0,0.3965,0.4665,50.0,125.4,219.2,169.2,0.0,5,7,2,1,thin_prior_sample_no_fade;clearing_observed(historical),7,5,5
Idrissi R.,D,Ds;E,CAG,3,0.3,6.0,0.5,0.0,0.0,0.0,3,1.0,5.82,6.09,5.82,6.09,0.0,,0.447,0.118,0.0,0.176,0.0,1.0,0.789,0.248,0.096,0.03,0.096,0.733,0.9604,1.472,237,2,1,1.0,0,0,0,False,0.0,0.3964,0.4663,38.8,117.3,196.5,157.7,0.0,3,3,2,1,thin_prior_sample_no_fade;clearing_observed(historical),3,3,1
Bella-Kotchap,D,Dc,VEN,5,1.3,6.0,0.5,0.0,0.0,0.0,13,1.0,5.83,5.75,5.83,5.75,0.0,,0.474,0.0,0.0,0.167,0.0,1.0,0.076,0.047,0.005,0.003,0.005,0.2,0.9494,1.351,218,8,1,1.0,2,0,180,True,1.0,0.3957,0.4655,57.2,162.3,206.5,149.3,0.4,5,13,4,2,thin_prior_sample_no_fade;clearing_observed(historical),13,5,9
Bijlow,P,Por,GEN,8,1.5,6.0,0.5,0.0,0.0,0.0,15,1.0,6.06,4.78,6.06,4.78,0.0,,0.421,0.0,0.0,0.062,0.0,1.0,,0.0,0.0,0.0,0.0,0.0,0.9593,1.46,316,8,1,1.0,2,0,180,True,1.0,0.3944,0.464,41.0,135.9,189.3,148.3,0.0,8,15,5,3,goalkeeper_no_fade;clearing_observed(historical),15,8,10
Hermoso,D,Dc,ROM,11,2.6,6.0,0.5,0.0,0.0,0.0,26,2.0,5.82,5.9,5.645,5.645,0.525,,0.408,0.111,0.074,0.333,0.0,2.0,1.485,0.43,0.087,0.033,0.087,0.81,1.0268,2.203,235,11,1,1.0,2,0,158,True,1.0,0.394,0.4635,66.0,154.8,207.8,141.8,0.0,9,21,8,4,fade(0.80);clearing_observed(asta_xlsx),21,9,13
Boloca,C,M;C,SAS,2,0.5,6.0,0.5,0.0,0.0,0.0,5,2.0,5.783,5.773,5.8,5.785,0.05,,0.421,0.033,0.0,0.2,0.0,1.0,0.66,0.414,0.029,0.018,0.029,0.576,0.9714,1.594,321,6,1,1.0,0,0,0,False,0.0,0.3939,0.4634,40.4,111.6,191.3,150.9,0.0,2,5,5,2,floor_qi,5,2,0
Addai,C,W;A,COM,4,1.0,6.0,0.5,0.0,0.0,0.0,10,1.0,5.96,6.54,5.96,6.54,0.0,,0.316,0.25,0.0,0.333,0.0,1.0,1.514,1.021,0.198,0.134,0.198,1.701,1.0068,1.982,381,8,1,1.0,0,0,0,False,0.0,0.3936,0.463,37.1,112.6,195.1,158.0,0.0,4,10,1,1,thin_prior_sample_no_fade;clearing_observed(asta_xlsx),10,4,9
Berisha M.,C,C;T,LEC,4,1.2,6.0,0.5,0.0,0.0,0.0,12,2.0,6.137,6.6,6.12,6.44,0.05,,0.342,0.077,0.154,0.192,0.0,1.0,,0.0,0.0,0.0,0.0,0.0,0.9201,1.029,375,8,1,1.0,0,1,0,False,0.0,0.3933,0.4627,50.7,124.3,216.2,165.5,0.0,4,12,4,2,thin_prior_sample_no_fade;clearing_observed(historical),12,4,8
Kaba,C,M;C,LEC,1,0.2,6.0,0.5,0.0,0.0,0.0,2,3.0,5.815,5.763,5.823,5.763,0.045,-0.025,0.395,0.0,0.0,0.089,0.0,3.0,0.684,0.359,0.096,0.04,0.096,1.008,0.9201,1.029,261,6,1,1.0,0,0,0,False,0.0,0.393,0.4623,32.9,112.1,202.5,169.6,0.0,1,2,2,1,floor_qi,2,1,0
Sportiello,P,Por,ATA,1,0.1,6.0,0.5,0.0,0.0,0.0,1,11.0,5.773,4.678,6.045,4.8,0.236,-0.0155,0.404,0.0,0.0,0.051,0.0,2.0,,0.0,0.0,0.0,0.0,0.0,1.0354,2.298,169,4,1,0.957,0,2,0,False,0.0,0.3914,0.457,25.1,95.4,181.2,156.1,0.0,1,1,1,1,floor_qi;clearing_observed(asta_xlsx),1,1,0
Fortini,D,E,TOR,6,1.2,6.0,0.5,0.0,0.0,0.0,12,1.0,5.96,5.96,5.96,5.96,0.0,,0.316,0.0,0.0,0.0,0.0,1.0,0.229,0.463,0.042,0.085,0.042,1.475,0.9571,1.436,156,5,1,0.907,1,1,93,True,0.5,0.391,0.4526,54.1,150.6,209.2,155.1,0.0,6,12,2,1,thin_prior_sample_no_fade;clearing_observed(historical),12,6,10
Cabal,D,B;Ds;E,JUV,1,0.4,6.0,0.5,0.0,0.0,0.0,4,4.0,6.05,6.307,5.995,6.047,0.198,0.066,0.283,0.0,0.0,0.316,0.0,4.0,0.656,0.346,0.056,0.047,0.056,0.778,1.0076,1.992,470,10,1,1.0,0,2,0,False,0.0,0.3902,0.4591,37.3,97.9,199.9,162.6,0.0,1,4,1,1,floor_qi;clearing_observed(asta_xlsx),4,1,3
Dembelè A.,D,Dd;E,LEC,1,0.2,6.0,0.5,0.0,0.0,0.0,2,1.0,5.0,5.0,5.0,5.0,0.0,,0.026,,,,,1.0,0.379,0.109,0.092,0.027,0.092,1.22,0.9201,1.029,14,2,0,0.054,0,1,0,False,0.0,0.3899,0.3931,29.8,95.6,188.0,158.2,0.0,1,2,2,1,floor_qi,2,1,0
Zhegrova,C,W,JUV,6,1.7,6.0,0.5,0.0,0.0,0.0,17,1.0,5.96,5.96,5.96,5.96,0.0,,0.316,0.0,0.0,0.083,0.0,1.0,0.761,1.026,0.208,0.28,0.208,5.182,1.0076,1.992,330,10,1,1.0,0,1,21,False,0.0,0.3891,0.4578,34.3,108.1,204.8,170.5,0.0,6,17,76,38,thin_prior_sample_no_fade;clearing_observed(asta_xlsx),17,6,-59
Njie,C,W;A,FIO,4,2.8,6.0,0.5,0.0,0.0,0.0,28,2.0,5.867,6.08,5.9,6.045,0.1,,0.25,,,,,2.0,1.219,0.361,0.351,0.104,0.351,2.01,1.0124,2.045,221,7,1,1.0,0,0,0,False,0.0,0.3884,0.4569,32.4,111.0,206.5,174.1,0.0,4,28,4,2,thin_prior_sample_no_fade;clearing_observed(historical),28,4,24
Oyono A.,D,Dd;E,FRO,6,1.0,6.0,0.5,0.0,0.0,0.0,10,1.0,5.82,5.75,5.82,5.75,0.0,,0.368,0.0,0.071,0.286,0.0,1.0,0.242,1.117,0.018,0.084,0.018,0.302,0.9827,1.718,168,2,1,0.953,1,1,113,True,0.5,0.388,0.4527,60.6,160.0,202.8,142.2,0.0,6,10,2,1,no_prior_data;clearing_observed(historical),10,6,8
Bertola,D,Dd;Ds;Dc,UDI,4,1.0,6.0,0.5,0.0,0.0,0.0,10,3.0,4.013,4.003,4.12,4.113,2.925,-0.32,0.342,0.0,0.04,0.12,0.0,1.0,0.996,1.549,0.051,0.079,0.051,0.666,0.965,1.523,36,3,0,0.14,0,2,22,False,0.0,0.3866,0.3949,30.1,100.2,189.9,159.8,0.0,4,10,3,2,fade(0.97);clearing_observed(asta_xlsx),10,4,7
Estupinan,D,Ds;E,MIL,3,1.3,6.0,0.5,0.0,0.0,0.0,13,1.0,5.64,5.71,5.64,5.71,0.0,,0.368,0.071,0.071,0.357,0.0,1.0,0.477,1.581,0.041,0.136,0.041,0.775,1.0464,2.419,283,9,1,1.0,1,1,69,True,0.5,0.385,0.453,59.6,133.2,196.1,136.5,0.0,3,12,28,14,thin_prior_sample_no_fade;team_discount(MIL);clearing_observed(asta_xlsx),12,3,-16
Molina N.,D,E,ROM,18,7.8,6.0,0.5,0.0,0.0,0.0,78,3.0,2.987,3.243,3.96,4.287,2.801,-2.92,0.789,0.15,0.117,0.1,0.0,1.0,0.045,0.108,,,,,1.0268,2.203,83,5,0,0.323,0,2,30,False,0.0,0.3845,0.4041,71.8,183.6,230.3,158.5,21.7,18,78,52,26,no_prior_data;clearing_observed(historical),78,18,26
Otoa,D,Dc,GEN,2,0.5,6.0,0.5,0.0,0.0,0.0,5,2.0,5.457,5.123,5.385,5.01,0.215,,0.171,,,,,1.0,0.084,0.0,0.009,0.0,0.009,0.326,0.9593,1.46,158,8,0,0.614,0,2,24,False,0.0,0.3831,0.422,30.1,95.6,188.7,158.6,0.0,2,5,5,2,floor_qi,5,2,0
Candè,D,Ds;Dc,SAS,3,0.7,6.0,0.5,0.0,0.0,0.0,7,2.0,5.713,5.647,5.725,5.69,0.035,,0.329,0.059,0.0,0.235,0.0,2.0,0.388,0.408,0.044,0.036,0.044,0.353,0.9714,1.594,255,3,1,1.0,0,0,0,False,0.0,0.3816,0.4489,34.9,93.8,180.4,145.5,0.0,3,7,7,3,thin_prior_sample_no_fade,7,3,0
Basic,C,M;C,VEN,6,1.9,6.0,0.5,0.0,0.0,0.0,19,5.0,3.968,4.108,4.696,4.77,2.355,-0.552,0.467,0.042,0.07,0.141,0.0,3.0,1.031,1.071,0.083,0.085,0.083,1.405,0.9494,1.351,114,7,0,0.443,2,0,150,True,1.0,0.38,0.407,62.7,143.8,208.3,145.6,0.0,6,19,4,2,thin_prior_sample_no_fade;clearing_observed(historical),19,6,15
Aboukhlal,C,W;A,TOR,3,0.5,6.0,0.5,0.0,0.0,0.0,5,1.0,5.77,5.64,5.77,5.64,0.0,,0.289,0.0,0.0,0.364,0.0,1.0,0.412,0.598,0.074,0.108,0.074,1.26,0.9571,1.436,410,10,1,1.0,0,2,26,False,0.0,0.3792,0.4461,30.2,92.2,183.6,153.4,0.0,3,5,5,3,thin_prior_sample_no_fade,5,3,0
Milik,A,Pc,JUV,4,1.0,6.0,0.5,0.0,0.0,0.0,10,9.0,4.0,4.077,4.731,5.438,2.53,-0.3218,0.511,0.355,0.032,0.113,0.0,2.0,6.009,2.784,0.464,0.205,0.436,2.902,1.0076,1.992,670,11,1,1.0,0,2,0,False,0.0,0.378,0.4447,48.3,120.8,223.6,175.3,0.0,4,10,2,1,thin_prior_sample_no_fade;clearing_observed(historical),10,4,8
Dragusin,D,Dc,FIO,7,2.0,6.0,0.5,0.0,0.0,0.0,20,3.0,4.962,5.115,3.943,4.04,2.793,3.055,0.487,0.054,0.027,0.081,0.0,1.0,1.219,0.91,0.064,0.048,0.064,0.895,1.0124,2.045,327,4,1,1.0,2,0,180,True,1.0,0.3772,0.4438,47.7,130.4,198.6,150.9,0.0,7,20,13,6,no_prior_data;clearing_observed(historical),20,7,7
Padelli,P,Por,UDI,1,0.1,6.0,0.5,0.0,0.0,0.0,1,11.0,5.292,4.792,3.844,2.977,2.918,0.0358,0.177,0.0,0.0,0.086,0.0,,,,,,,,0.965,1.523,93,4,1,0.662,0,2,0,False,0.0,0.3751,0.4164,22.2,87.3,183.7,161.5,0.0,1,1,2,1,floor_qi;clearing_observed(historical),1,1,-1
Camarda,A,Pc,MIL,4,2.0,6.0,0.5,0.0,0.0,0.0,20,3.0,4.808,4.793,3.863,3.853,2.734,2.835,0.316,0.056,0.0,0.056,0.0,2.0,1.759,0.434,0.302,0.09,0.223,2.497,1.0464,2.419,138,5,1,0.837,0,2,0,False,0.0,0.3743,0.428,27.1,88.3,182.1,155.0,0.0,4,18,16,8,thin_prior_sample_no_fade;team_discount(MIL);clearing_observed(asta_xlsx),18,4,2
Rugani,D,Dc,JUV,1,0.3,6.0,0.5,0.0,0.0,0.0,3,11.0,3.863,3.857,5.421,5.515,1.739,-0.2532,0.334,0.087,0.019,0.173,0.0,3.0,1.068,0.122,0.132,0.014,0.132,0.501,1.0076,1.992,89,5,0,0.346,0,2,0,False,0.0,0.3707,0.391,44.0,107.0,184.8,140.8,0.0,1,3,3,1,floor_qi,3,1,0
Sagrado,D,Dd;E,VEN,2,0.4,6.0,0.5,0.0,0.0,0.0,4,1.0,5.5,5.33,5.5,5.33,0.0,,0.079,,,,,,,,,,,,0.9494,1.351,194,7,0,0.7,0,2,9,False,0.0,0.3695,0.4129,30.1,95.6,187.9,157.8,0.0,2,4,4,2,floor_qi,4,2,0
Stankovic F.,P,Por,VEN,6,1.1,6.0,0.5,0.0,0.0,0.0,11,2.0,4.4,3.487,3.3,2.615,3.3,,0.395,0.0,0.0,0.067,0.0,1.0,,0.0,0.0,0.0,0.0,0.0,0.9494,1.351,81,2,1,0.615,2,0,180,True,1.0,0.3677,0.4051,47.4,146.8,195.3,147.9,1.6,6,11,4,2,goalkeeper_no_fade;clearing_observed(historical),11,6,7
Abankwah,D,Dd;Dc,UDI,2,1.0,6.0,0.5,0.0,0.0,0.0,10,3.0,4.208,4.083,4.25,4.167,3.007,-0.125,0.039,,,,,1.0,0.115,0.0,,,,,0.965,1.523,0,0,0,0.0,2,0,180,True,1.0,0.3667,0.3667,63.0,170.6,200.4,137.4,8.7,2,10,4,2,floor_qi;clearing_observed(historical),10,2,6
Forson O.,C,W;T,MON,2,0.1,6.0,0.5,0.0,0.0,0.0,1,1.0,5.67,5.67,5.67,5.67,0.0,,0.158,,,,,1.0,0.428,0.322,,,,,0.9337,1.178,315,5,1,1.0,0,2,31,False,0.0,0.3646,0.4289,33.8,106.8,198.7,164.9,0.0,2,1,1,2,floor_qi,1,2,0
Cremaschi,C,E;C,PAR,2,0.3,6.0,0.5,0.0,0.0,0.0,3,1.0,6.0,6.0,6.0,6.0,0.0,,0.026,,,,,1.0,0.018,0.013,,,,,0.9545,1.408,226,4,1,1.0,0,2,40,False,0.0,0.3608,0.4245,37.3,107.2,202.7,165.4,0.0,2,3,3,2,floor_qi,3,2,0
Terzic,D,Ds;E,FRO,4,0.8,6.0,0.5,0.0,0.0,0.0,8,3.0,5.015,5.128,4.01,4.093,2.836,3.015,0.316,0.059,0.059,0.118,0.0,1.0,0.703,1.813,0.07,0.181,0.07,0.898,0.9827,1.718,236,13,1,1.0,0,2,30,False,0.0,0.3607,0.4243,32.2,89.4,190.8,158.6,0.0,4,8,2,1,no_prior_data;clearing_observed(historical),8,4,6
Chalobah T.,D,Dd;Dc,COM,10,3.2,6.0,0.5,0.0,0.0,0.0,32,1.0,6.0,6.0,6.0,6.0,0.0,,0.026,,,,,,,,,,,,1.0068,1.982,299,10,1,1.0,2,0,180,True,1.0,0.3597,0.4232,68.4,161.9,212.5,144.1,0.0,10,32,30,15,no_prior_data;clearing_observed(historical),32,10,2
Fofana Sa.,C,M;C,LEC,1,0.1,6.0,0.5,0.0,0.0,0.0,1,1.0,5.5,5.5,5.5,5.5,0.0,,0.053,,,,,1.0,0.101,0.181,,,,,0.9201,1.029,568,10,1,1.0,0,2,0,False,0.0,0.3495,0.4112,30.4,103.9,197.5,167.1,0.0,1,1,1,1,floor_qi,1,1,0
Ebosse,D,Ds;Dc,UDI,3,0.5,6.0,0.5,0.0,0.0,0.0,5,4.0,4.708,4.61,4.223,4.127,2.439,0.583,0.281,0.0,0.033,0.233,0.0,2.0,0.061,0.272,0.005,0.022,0.005,0.16,0.965,1.523,380,6,1,1.0,1,1,113,True,0.5,0.3453,0.4062,45.5,138.5,193.4,147.9,0.0,3,5,2,1,thin_prior_sample_no_fade;clearing_observed(historical),5,3,3
Mandas,P,Por,LAZ,10,3.6,6.0,0.5,0.0,0.0,0.0,36,3.0,3.135,2.75,4.177,3.667,2.953,-3.125,0.224,,,,,2.0,,0.0,0.0,0.0,0.0,0.0,0.9953,1.856,5,2,0,0.019,2,0,180,True,1.0,0.3451,0.3461,63.0,170.6,200.2,137.2,25.4,10,36,1,1,goalkeeper_no_fade;clearing_observed(asta_xlsx),36,10,35
Christensen O.,P,Por,FIO,1,0.1,6.0,0.5,0.0,0.0,0.0,1,3.0,4.667,3.792,4.333,3.25,3.171,1.0,0.066,,,,,,,,,,,,1.0124,2.045,95,5,1,0.669,0,2,0,False,0.0,0.3446,0.383,23.4,87.3,185.5,162.1,0.0,1,1,2,1,floor_qi;clearing_observed(historical),1,1,-1
Gonzalez N.,C,W;A,JUV,12,4.5,6.0,0.5,0.0,0.0,0.0,45,5.0,3.038,3.357,4.946,5.548,2.477,-1.285,0.704,0.262,0.093,0.084,0.056,2.0,1.763,1.468,0.091,0.075,0.091,0.794,1.0076,1.992,203,10,1,1.0,0,2,33,False,0.0,0.3443,0.4051,54.4,152.5,234.4,180.0,0.0,12,45,45,12,thin_prior_sample_no_fade,45,12,0
Theate,D,Ds;Dc,BOL,8,2.0,6.0,0.5,0.0,0.0,0.0,20,2.0,1.973,2.017,2.96,3.025,2.96,,0.789,0.067,0.033,0.2,0.0,,,,,,,,1.004,1.952,104,9,0,0.404,0,1,0,False,0.0,0.3408,0.3628,54.9,138.5,197.2,142.3,0.0,8,20,20,8,no_prior_data,20,8,0
Hainaut,D,Dd;E,VEN,4,1.2,6.0,0.5,0.0,0.0,0.0,12,2.0,1.953,2.023,2.93,3.035,2.93,,0.579,0.091,0.0,0.136,0.0,1.0,0.854,0.766,0.065,0.058,0.065,0.456,0.9494,1.351,45,5,0,0.175,2,0,175,True,1.0,0.3391,0.3482,68.2,157.6,205.8,137.6,0.0,4,12,4,2,thin_prior_sample_no_fade;clearing_observed(historical),12,4,8
Ndiaye,D,Dc,PAR,2,0.8,6.0,0.5,0.0,0.0,0.0,8,2.0,3.727,3.573,2.795,2.68,2.795,,0.289,0.0,0.0,0.273,0.0,1.0,0.36,0.023,0.041,0.003,0.041,0.687,0.9545,1.408,103,2,1,0.701,1,1,90,True,0.5,0.3376,0.3773,52.5,144.6,190.7,138.2,0.0,2,8,2,1,floor_qi;clearing_observed(historical),8,2,6
Goldaniga,D,Dc,COM,1,0.1,6.0,0.5,0.0,0.0,0.0,1,10.0,2.885,2.833,5.128,5.107,1.715,-0.3047,0.509,0.046,0.011,0.305,0.0,2.0,1.792,0.221,0.076,0.011,0.076,0.407,1.0068,1.982,115,2,1,0.747,0,2,0,False,0.0,0.3371,0.3796,36.1,94.0,179.9,143.8,0.0,1,1,1,1,floor_qi,1,1,0
Gollini,P,Por,ROM,1,0.1,6.0,0.5,0.0,0.0,0.0,1,10.0,2.953,2.167,5.48,4.511,1.829,-0.3549,0.398,0.0,0.0,0.058,0.0,3.0,0.005,0.0,0.001,0.0,0.001,0.048,1.0268,2.203,126,11,0,0.49,0,2,0,False,0.0,0.3323,0.3587,31.9,92.6,183.0,151.1,0.0,1,1,1,1,floor_qi;clearing_observed(asta_xlsx),1,1,0
Ilkhan,C,M;C,TOR,4,0.8,6.0,0.5,0.0,0.0,0.0,8,3.0,3.882,3.958,3.883,3.917,2.746,-0.005,0.303,0.059,0.118,0.118,0.0,2.0,1.59,0.653,0.178,0.097,0.178,1.186,0.9571,1.436,265,4,1,1.0,0,2,23,False,0.0,0.331,0.3894,41.6,108.8,206.7,165.1,0.0,4,8,2,1,thin_prior_sample_no_fade;clearing_observed(historical),8,4,6
Vergara,C,W;T,NAP,10,3.5,6.0,0.5,0.0,0.0,0.0,35,2.0,4.167,4.333,3.125,3.25,3.125,,0.211,,,,,1.0,0.706,0.835,0.102,0.12,0.102,1.44,1.0241,2.173,305,8,1,1.0,0,2,23,False,0.0,0.3271,0.3848,30.4,103.9,196.4,166.0,0.0,8,30,17,8,thin_prior_sample_no_fade;team_discount(NAP);clearing_observed(historical),30,8,13
Raimondo,A,Pc,FRO,9,2.7,6.0,0.5,0.0,0.0,0.0,27,4.0,3.0,3.0,1.5,1.5,2.598,1.8,0.026,,,,,1.0,0.511,0.106,,,,,0.9827,1.718,0,0,0,0.0,2,0,179,True,1.0,0.3222,0.3222,60.8,168.7,199.9,139.1,36.3,9,27,3,1,no_prior_data;clearing_observed(historical),27,9,24
Di Gennaro,P,Por,INT,1,0.1,6.0,0.5,0.0,0.0,0.0,1,3.0,4.083,3.583,4.167,3.833,2.953,-0.25,0.026,,,,,,,,,,,,1.1,3.009,188,4,1,1.0,0,2,0,False,0.0,0.3048,0.3586,23.4,87.3,185.5,162.1,0.0,1,1,2,1,floor_qi;clearing_observed(historical),1,1,-1
Maye,D,Ds;Dc,MON,1,0.1,6.0,0.5,0.0,0.0,0.0,1,8.0,2.773,2.822,4.946,4.928,1.872,-0.4789,0.391,0.032,0.032,0.211,0.0,,,,,,,,0.9337,1.178,164,10,1,0.938,0,1,0,False,0.0,0.3021,0.3516,33.7,94.0,182.7,149.0,0.0,1,1,1,1,floor_qi,1,1,0
Douglas Luiz,C,C,JUV,4,1.5,6.0,0.5,0.0,0.0,0.0,15,2.0,1.957,1.933,2.935,2.9,2.935,,0.395,0.0,0.0,0.133,0.0,1.0,0.687,1.157,0.126,0.212,0.126,1.466,1.0076,1.992,167,9,0,0.649,2,0,169,True,1.0,0.2968,0.3288,50.0,159.1,206.0,156.0,0.0,4,15,8,4,thin_prior_sample_no_fade;clearing_observed(historical),15,4,7
Ramos G.,A,Pc,MIL,27,23.7,6.0,0.5,0.0,0.0,0.0,237,2.0,1.833,1.793,2.75,2.69,2.75,,0.105,,,,,,,,,,,,1.0464,2.419,116,6,1,0.751,2,0,180,True,1.0,0.2951,0.3326,71.2,183.1,262.3,191.1,50.7,24,213,225,113,no_prior_data;team_discount(MIL);clearing_observed(historical),213,24,-12
Lezzerini,P,Por,FIO,1,0.1,6.0,0.5,0.0,0.0,0.0,1,4.0,3.223,2.667,4.855,4.062,2.822,-1.958,0.079,,,,,,,,,,,,1.0124,2.045,140,4,1,0.844,0,2,0,False,0.0,0.292,0.3343,23.4,87.3,185.5,162.1,0.0,1,1,1,1,floor_qi,1,1,0
Liberali,C,T,COM,6,2.1,6.0,0.5,0.0,0.0,0.0,21,2.0,2.0,2.0,3.0,3.0,3.0,,0.026,,,,,,,,,,,,1.0068,1.982,0,0,0,0.0,0,2,19,False,0.0,0.2863,0.2863,30.4,103.9,195.7,165.3,0.0,6,21,5,2,thin_prior_sample_no_fade;clearing_observed(historical),21,6,16
Sherri,P,Por,CAG,1,0.1,6.0,0.5,0.0,0.0,0.0,1,2.0,1.953,1.43,2.93,2.145,2.93,,0.184,,,,,1.0,,0.023,0.0,0.003,0.0,0.0,0.9604,1.472,62,2,1,0.541,0,2,0,False,0.0,0.2769,0.3014,27.8,87.3,186.2,158.4,0.0,1,1,2,1,floor_qi;clearing_observed(historical),1,1,-1
Antov,D,Dc,MON,1,0.2,6.0,0.5,0.0,0.0,0.0,2,3.0,2.703,2.625,3.6,3.5,2.546,-2.69,0.132,,,,,1.0,,0.023,0.0,0.007,0.0,0.0,0.9337,1.178,177,2,1,0.988,0,2,0,False,0.0,0.2744,0.3222,30.1,95.6,187.9,157.8,0.0,1,2,2,1,floor_qi,2,1,0
Vigorito,P,Por,COM,1,0.1,6.0,0.5,0.0,0.0,0.0,1,3.0,0.983,0.667,1.967,1.333,2.781,-2.95,0.132,,,,,1.0,0.371,0.378,0.016,0.017,0.016,0.307,1.0068,1.982,0,0,0,0.0,0,2,0,False,0.0,0.2647,0.2647,23.4,87.3,185.5,162.1,0.0,1,1,2,1,floor_qi;clearing_observed(historical),1,1,-1
Diallo O.,C,W;A,PAR,3,1.2,6.0,0.5,0.0,0.0,0.0,12,2.0,2.333,3.333,3.5,5.0,3.5,,0.026,,,,,3.0,0.816,1.639,0.053,0.071,0.053,0.726,0.9545,1.408,223,5,1,1.0,0,2,15,False,0.0,0.2585,0.3041,30.4,103.9,195.7,165.3,0.0,3,12,2,1,no_prior_data;clearing_observed(historical),12,3,10
Contini,P,Por,NAP,1,0.1,6.0,0.5,0.0,0.0,0.0,1,7.0,1.0,1.0,0.857,0.857,2.1,0.2143,0.026,,,,,,,,,,,,1.0241,2.173,102,8,0,0.397,0,2,0,False,0.0,0.2367,0.2517,23.4,87.3,185.5,162.1,0.0,1,1,2,1,floor_qi;team_discount(NAP);clearing_observed(historical),1,1,-1
El Azzouzi A.,C,M;C,FRO,1,0.1,6.0,0.5,0.0,0.0,0.0,1,3.0,1.018,1.138,2.037,2.277,2.88,-3.055,0.237,,,,,1.0,0.472,0.957,0.082,0.166,0.082,0.346,0.9827,1.718,445,11,1,1.0,0,2,0,False,0.0,0.236,0.2776,31.2,103.9,196.4,165.2,0.0,1,1,1,1,floor_qi,1,1,0
Pinsoglio,P,Por,JUV,1,0.1,6.0,0.5,0.0,0.0,0.0,1,9.0,1.083,1.083,4.056,3.5,2.881,-0.7583,0.026,,,,,,,,,,,,1.0076,1.992,84,3,1,0.627,0,2,0,False,0.0,0.2306,0.2545,23.4,87.3,185.5,162.1,0.0,1,1,2,1,floor_qi;clearing_observed(historical),1,1,-1
Radunovic,P,Por,CAG,1,0.1,6.0,0.5,0.0,0.0,0.0,1,8.0,0.952,0.667,3.046,2.271,3.055,-0.4706,0.092,,,,,1.0,,0.0,0.0,0.0,0.0,0.0,0.9604,1.472,104,2,1,0.704,0,2,0,False,0.0,0.2299,0.257,23.4,87.3,185.5,162.1,0.0,1,1,1,1,floor_qi,1,1,0
